Date,Close
2010/7/17,0.0495
2010/7/18,0.0726
2010/7/19,0.0859
2010/7/20,0.0783
2010/7/21,0.0767
2010/7/22,0.0649
2010/7/23,0.0566
2010/7/24,0.0581
2010/7/25,0.053
2010/7/26,0.053
2010/7/27,0.058
2010/7/28,0.0595
2010/7/29,0.0648
2010/7/30,0.0663
2010/7/31,0.0664
2010/8/1,0.0611
2010/8/2,0.0613
2010/8/3,0.06
2010/8/4,0.0597
2010/8/5,0.0596
2010/8/6,0.0622
2010/8/7,0.0599
2010/8/8,0.06
2010/8/9,0.066
2010/8/10,0.069
2010/8/11,0.0635
2010/8/12,0.069
2010/8/13,0.0655
2010/8/14,0.0663
2010/8/15,0.0661
2010/8/16,0.0643
2010/8/17,0.0678
2010/8/18,0.069
2010/8/19,0.0673
2010/8/20,0.0661
2010/8/21,0.066
2010/8/22,0.0655
2010/8/23,0.0655
2010/8/24,0.065
2010/8/25,0.0656
2010/8/26,0.0644
2010/8/27,0.0645
2010/8/28,0.0646
2010/8/29,0.0644
2010/8/30,0.0648
2010/8/31,0.0621
2010/9/1,0.0625
2010/9/2,0.0622
2010/9/3,0.0609
2010/9/4,0.0618
2010/9/5,0.062
2010/9/6,0.0622
2010/9/7,0.0613
2010/9/8,0.0615
2010/9/9,0.0611
2010/9/10,0.0614
2010/9/11,0.0628
2010/9/12,0.0618
2010/9/13,0.0621
2010/9/14,0.062
2010/9/15,0.0615
2010/9/16,0.0619
2010/9/17,0.0599
2010/9/18,0.06
2010/9/19,0.0618
2010/9/20,0.0621
2010/9/21,0.0629
2010/9/22,0.0623
2010/9/23,0.0622
2010/9/24,0.0621
2010/9/25,0.0621
2010/9/26,0.062
2010/9/27,0.0621
2010/9/28,0.0619
2010/9/29,0.062
2010/9/30,0.0618
2010/10/1,0.0619
2010/10/2,0.0616
2010/10/3,0.0613
2010/10/4,0.0612
2010/10/5,0.0614
2010/10/6,0.0622
2010/10/7,0.0651
2010/10/8,0.0769
2010/10/9,0.0884
2010/10/10,0.0948
2010/10/11,0.093
2010/10/12,0.0945
2010/10/13,0.0985
2010/10/14,0.103
2010/10/15,0.103
2010/10/16,0.101
2010/10/17,0.102
2010/10/18,0.103
2010/10/19,0.0985
2010/10/20,0.0995
2010/10/21,0.102
2010/10/22,0.105
2010/10/23,0.107
2010/10/24,0.112
2010/10/25,0.111
2010/10/26,0.142
2010/10/27,0.169
2010/10/28,0.179
2010/10/29,0.185
2010/10/30,0.193
2010/10/31,0.193
2010/11/1,0.194
2010/11/2,0.193
2010/11/3,0.193
2010/11/4,0.214
2010/11/5,0.235
2010/11/6,0.326
2010/11/7,0.405
2010/11/8,0.294
2010/11/9,0.237
2010/11/10,0.225
2010/11/11,0.227
2010/11/12,0.249
2010/11/13,0.282
2010/11/14,0.278
2010/11/15,0.274
2010/11/16,0.246
2010/11/17,0.226
2010/11/18,0.245
2010/11/19,0.274
2010/11/20,0.282
2010/11/21,0.277
2010/11/22,0.28
2010/11/23,0.283
2010/11/24,0.283
2010/11/25,0.281
2010/11/26,0.282
2010/11/27,0.284
2010/11/28,0.277
2010/11/29,0.254
2010/11/30,0.219
2010/12/1,0.219
2010/12/2,0.242
2010/12/3,0.251
2010/12/4,0.23
2010/12/5,0.205
2010/12/6,0.215
2010/12/7,0.213
2010/12/8,0.239
2010/12/9,0.213
2010/12/10,0.202
2010/12/11,0.216
2010/12/12,0.214
2010/12/13,0.22
2010/12/14,0.238
2010/12/15,0.242
2010/12/16,0.244
2010/12/17,0.245
2010/12/18,0.245
2010/12/19,0.244
2010/12/20,0.254
2010/12/21,0.25
2010/12/22,0.247
2010/12/23,0.249
2010/12/24,0.249
2010/12/25,0.249
2010/12/26,0.257
2010/12/27,0.258
2010/12/28,0.272
2010/12/29,0.286
2010/12/30,0.296
2010/12/31,0.3
2011/1/1,0.296
2011/1/2,0.297
2011/1/3,0.293
2011/1/4,0.297
2011/1/5,0.294
2011/1/6,0.299
2011/1/7,0.309
2011/1/8,0.316
2011/1/9,0.323
2011/1/10,0.325
2011/1/11,0.327
2011/1/12,0.323
2011/1/13,0.318
2011/1/14,0.359
2011/1/15,0.393
2011/1/16,0.393
2011/1/17,0.368
2011/1/18,0.331
2011/1/19,0.313
2011/1/20,0.351
2011/1/21,0.405
2011/1/22,0.427
2011/1/23,0.443
2011/1/24,0.431
2011/1/25,0.415
2011/1/26,0.414
2011/1/27,0.415
2011/1/28,0.434
2011/1/29,0.442
2011/1/30,0.462
2011/1/31,0.5
2011/2/1,0.626
2011/2/2,0.713
2011/2/3,0.706
2011/2/4,0.766
2011/2/5,0.88
2011/2/6,0.91
2011/2/7,0.895
2011/2/8,0.904
2011/2/9,0.998
2011/2/10,1.03
2011/2/11,1.025
2011/2/12,1.045
2011/2/13,1.051
2011/2/14,1.055
2011/2/15,1.053
2011/2/16,1.048
2011/2/17,1.043
2011/2/18,0.965
2011/2/19,0.893
2011/2/20,0.899
2011/2/21,0.833
2011/2/22,0.86
2011/2/23,0.905
2011/2/24,0.968
2011/2/25,0.941
2011/2/26,0.935
2011/2/27,0.924
2011/2/28,0.875
2011/3/1,0.89
2011/3/2,0.93
2011/3/3,0.926
2011/3/4,0.906
2011/3/5,0.91
2011/3/6,0.905
2011/3/7,0.878
2011/3/8,0.878
2011/3/9,0.858
2011/3/10,0.899
2011/3/11,0.885
2011/3/12,0.899
2011/3/13,0.896
2011/3/14,0.894
2011/3/15,0.882
2011/3/16,0.863
2011/3/17,0.835
2011/3/18,0.833
2011/3/19,0.771
2011/3/20,0.753
2011/3/21,0.76
2011/3/22,0.784
2011/3/23,0.83
2011/3/24,0.849
2011/3/25,0.875
2011/3/26,0.869
2011/3/27,0.825
2011/3/28,0.809
2011/3/29,0.796
2011/3/30,0.791
2011/3/31,0.787
2011/4/1,0.775
2011/4/2,0.778
2011/4/3,0.78
2011/4/4,0.729
2011/4/5,0.7
2011/4/6,0.744
2011/4/7,0.751
2011/4/8,0.752
2011/4/9,0.74
2011/4/10,0.743
2011/4/11,0.753
2011/4/12,0.819
2011/4/13,0.891
2011/4/14,0.97
2011/4/15,0.995
2011/4/16,1.017
2011/4/17,1.08
2011/4/18,1.15
2011/4/19,1.18
2011/4/20,1.162
2011/4/21,1.176
2011/4/22,1.31
2011/4/23,1.546
2011/4/24,1.716
2011/4/25,1.595
2011/4/26,1.687
2011/4/27,1.841
2011/4/28,2.046
2011/4/29,2.546
2011/4/30,3.215
2011/5/1,3.267
2011/5/2,3.149
2011/5/3,3.305
2011/5/4,3.441
2011/5/5,3.367
2011/5/6,3.393
2011/5/7,3.546
2011/5/8,3.753
2011/5/9,3.835
2011/5/10,4.81
2011/5/11,5.65
2011/5/12,5.895
2011/5/13,7.259
2011/5/14,7.659
2011/5/15,6.995
2011/5/16,7.512
2011/5/17,7.62
2011/5/18,7.036
2011/5/19,6.756
2011/5/20,6.198
2011/5/21,5.96
2011/5/22,6.415
2011/5/23,6.92
2011/5/24,7.285
2011/5/25,7.945
2011/5/26,8.524
2011/5/27,8.6
2011/5/28,8.425
2011/5/29,8.35
2011/5/30,8.624
2011/5/31,8.771
2011/6/1,9.156
2011/6/2,10.1
2011/6/3,12.445
2011/6/4,16.501
2011/6/5,17.833
2011/6/6,17.625
2011/6/7,21.092
2011/6/8,26.8
2011/6/9,29.415
2011/6/10,26.434
2011/6/11,19.301
2011/6/12,16.648
2011/6/13,19.194
2011/6/14,19.54
2011/6/15,19.385
2011/6/16,18.25
2011/6/17,16.341
2011/6/18,16.445
2011/6/19,17.18
2011/6/20,17
2011/6/21,17
2011/6/22,17
2011/6/23,17
2011/6/24,17
2011/6/25,17
2011/6/26,16.98
2011/6/27,16.6
2011/6/28,16.85
2011/6/29,16.9
2011/6/30,16.473
2011/7/1,15.736
2011/7/2,15.385
2011/7/3,15.42
2011/7/4,14.65
2011/7/5,13.392
2011/7/6,13.853
2011/7/7,14.737
2011/7/8,14.545
2011/7/9,14.347
2011/7/10,14.638
2011/7/11,14.555
2011/7/12,14.109
2011/7/13,13.989
2011/7/14,13.985
2011/7/15,13.905
2011/7/16,13.765
2011/7/17,13.44
2011/7/18,13.32
2011/7/19,13.66
2011/7/20,13.787
2011/7/21,13.665
2011/7/22,13.653
2011/7/23,13.69
2011/7/24,13.835
2011/7/25,14.014
2011/7/26,13.956
2011/7/27,13.911
2011/7/28,13.691
2011/7/29,13.494
2011/7/30,13.516
2011/7/31,13.443
2011/8/1,13.222
2011/8/2,12.573
2011/8/3,10.655
2011/8/4,10.019
2011/8/5,10.255
2011/8/6,8.145
2011/8/7,7.218
2011/8/8,7.85
2011/8/9,8.895
2011/8/10,9.975
2011/8/11,9.775
2011/8/12,9.462
2011/8/13,9.801
2011/8/14,10.463
2011/8/15,10.971
2011/8/16,11.059
2011/8/17,10.934
2011/8/18,10.904
2011/8/19,11.24
2011/8/20,11.555
2011/8/21,11.382
2011/8/22,11.103
2011/8/23,10.925
2011/8/24,10.895
2011/8/25,10.254
2011/8/26,8.918
2011/8/27,8.385
2011/8/28,8.831
2011/8/29,9.02
2011/8/30,8.88
2011/8/31,8.495
2011/9/1,8.205
2011/9/2,8.444
2011/9/3,8.54
2011/9/4,8.321
2011/9/5,7.861
2011/9/6,7.237
2011/9/7,7.025
2011/9/8,6.864
2011/9/9,5.78
2011/9/10,4.897
2011/9/11,5.319
2011/9/12,6.009
2011/9/13,5.925
2011/9/14,5.72
2011/9/15,5.23
2011/9/16,4.83
2011/9/17,4.795
2011/9/18,4.98
2011/9/19,5.331
2011/9/20,5.787
2011/9/21,5.875
2011/9/22,5.536
2011/9/23,5.487
2011/9/24,5.507
2011/9/25,5.375
2011/9/26,5.1
2011/9/27,4.893
2011/9/28,4.844
2011/9/29,4.78
2011/9/30,4.948
2011/10/1,5.1
2011/10/2,5.03
2011/10/3,5.026
2011/10/4,4.992
2011/10/5,4.915
2011/10/6,4.802
2011/10/7,4.51
2011/10/8,4.155
2011/10/9,4.055
2011/10/10,4.1
2011/10/11,3.996
2011/10/12,4.04
2011/10/13,4.103
2011/10/14,4.022
2011/10/15,3.915
2011/10/16,3.7
2011/10/17,3.059
2011/10/18,2.48
2011/10/19,2.345
2011/10/20,2.299
2011/10/21,2.46
2011/10/22,2.874
2011/10/23,3.123
2011/10/24,2.836
2011/10/25,2.647
2011/10/26,2.763
2011/10/27,2.907
2011/10/28,3.115
2011/10/29,3.376
2011/10/30,3.426
2011/10/31,3.262
2011/11/1,3.203
2011/11/2,3.202
2011/11/3,3.202
2011/11/4,3.139
2011/11/5,3.04
2011/11/6,2.965
2011/11/7,2.983
2011/11/8,3.021
2011/11/9,3.011
2011/11/10,2.909
2011/11/11,2.96
2011/11/12,3.049
2011/11/13,3.014
2011/11/14,2.608
2011/11/15,2.274
2011/11/16,2.445
2011/11/17,2.409
2011/11/18,2.158
2011/11/19,2.107
2011/11/20,2.2
2011/11/21,2.246
2011/11/22,2.308
2011/11/23,2.33
2011/11/24,2.379
2011/11/25,2.472
2011/11/26,2.468
2011/11/27,2.475
2011/11/28,2.515
2011/11/29,2.65
2011/11/30,2.859
2011/12/1,3.028
2011/12/2,3.086
2011/12/3,2.957
2011/12/4,2.811
2011/12/5,2.854
2011/12/6,2.955
2011/12/7,3.009
2011/12/8,2.985
2011/12/9,2.975
2011/12/10,3.01
2011/12/11,3.156
2011/12/12,3.193
2011/12/13,3.212
2011/12/14,3.189
2011/12/15,3.17
2011/12/16,3.198
2011/12/17,3.2
2011/12/18,3.187
2011/12/19,3.357
2011/12/20,3.735
2011/12/21,3.905
2011/12/22,3.883
2011/12/23,3.918
2011/12/24,3.943
2011/12/25,4.083
2011/12/26,4.122
2011/12/27,4.046
2011/12/28,4.128
2011/12/29,4.183
2011/12/30,4.207
2011/12/31,4.485
2012/1/1,4.984
2012/1/2,5.239
2012/1/3,5.048
2012/1/4,5.227
2012/1/5,6.261
2012/1/6,6.822
2012/1/7,6.753
2012/1/8,6.95
2012/1/9,6.705
2012/1/10,6.344
2012/1/11,6.675
2012/1/12,6.85
2012/1/13,6.595
2012/1/14,6.585
2012/1/15,6.876
2012/1/16,6.842
2012/1/17,6.134
2012/1/18,5.735
2012/1/19,6.14
2012/1/20,6.421
2012/1/21,6.339
2012/1/22,6.247
2012/1/23,6.333
2012/1/24,6.323
2012/1/25,6.02
2012/1/26,5.57
2012/1/27,5.316
2012/1/28,5.459
2012/1/29,5.503
2012/1/30,5.435
2012/1/31,5.487
2012/2/1,5.805
2012/2/2,6.081
2012/2/3,6.03
2012/2/4,5.917
2012/2/5,5.781
2012/2/6,5.556
2012/2/7,5.586
2012/2/8,5.645
2012/2/9,5.715
2012/2/10,5.871
2012/2/11,5.754
2012/2/12,5.572
2012/2/13,5.387
2012/2/14,4.861
2012/2/15,4.394
2012/2/16,4.29
2012/2/17,4.326
2012/2/18,4.302
2012/2/19,4.304
2012/2/20,4.361
2012/2/21,4.325
2012/2/22,4.349
2012/2/23,4.735
2012/2/24,5.022
2012/2/25,4.901
2012/2/26,4.848
2012/2/27,4.939
2012/2/28,4.909
2012/2/29,4.864
2012/3/1,4.891
2012/3/2,4.813
2012/3/3,4.671
2012/3/4,4.717
2012/3/5,4.902
2012/3/6,4.989
2012/3/7,4.964
2012/3/8,4.934
2012/3/9,4.896
2012/3/10,4.847
2012/3/11,4.872
2012/3/12,4.899
2012/3/13,5.08
2012/3/14,5.331
2012/3/15,5.36
2012/3/16,5.346
2012/3/17,5.28
2012/3/18,5.248
2012/3/19,4.975
2012/3/20,4.755
2012/3/21,4.826
2012/3/22,4.749
2012/3/23,4.711
2012/3/24,4.681
2012/3/25,4.613
2012/3/26,4.585
2012/3/27,4.718
2012/3/28,4.806
2012/3/29,4.785
2012/3/30,4.834
2012/3/31,4.878
2012/4/1,4.85
2012/4/2,4.878
2012/4/3,4.963
2012/4/4,4.93
2012/4/5,4.922
2012/4/6,4.934
2012/4/7,4.819
2012/4/8,4.74
2012/4/9,4.831
2012/4/10,4.854
2012/4/11,4.882
2012/4/12,4.924
2012/4/13,4.916
2012/4/14,4.95
2012/4/15,4.964
2012/4/16,4.951
2012/4/17,4.968
2012/4/18,5.047
2012/4/19,5.128
2012/4/20,5.244
2012/4/21,5.329
2012/4/22,5.232
2012/4/23,5.082
2012/4/24,5.029
2012/4/25,5.116
2012/4/26,5.115
2012/4/27,5.104
2012/4/28,5.04
2012/4/29,4.942
2012/4/30,4.931
2012/5/1,4.975
2012/5/2,5.037
2012/5/3,5.104
2012/5/4,5.088
2012/5/5,5.072
2012/5/6,5.064
2012/5/7,5.055
2012/5/8,5.069
2012/5/9,5.047
2012/5/10,4.955
2012/5/11,4.905
2012/5/12,4.948
2012/5/13,4.94
2012/5/14,4.978
2012/5/15,5.029
2012/5/16,5.063
2012/5/17,5.094
2012/5/18,5.109
2012/5/19,5.112
2012/5/20,5.104
2012/5/21,5.1
2012/5/22,5.099
2012/5/23,5.119
2012/5/24,5.129
2012/5/25,5.132
2012/5/26,5.109
2012/5/27,5.121
2012/5/28,5.133
2012/5/29,5.145
2012/5/30,5.142
2012/5/31,5.158
2012/6/1,5.237
2012/6/2,5.262
2012/6/3,5.227
2012/6/4,5.243
2012/6/5,5.353
2012/6/6,5.45
2012/6/7,5.529
2012/6/8,5.612
2012/6/9,5.596
2012/6/10,5.514
2012/6/11,5.522
2012/6/12,5.648
2012/6/13,5.829
2012/6/14,5.941
2012/6/15,6.227
2012/6/16,6.45
2012/6/17,6.306
2012/6/18,6.255
2012/6/19,6.404
2012/6/20,6.584
2012/6/21,6.675
2012/6/22,6.614
2012/6/23,6.488
2012/6/24,6.389
2012/6/25,6.327
2012/6/26,6.375
2012/6/27,6.553
2012/6/28,6.626
2012/6/29,6.628
2012/6/30,6.67
2012/7/1,6.659
2012/7/2,6.68
2012/7/3,6.605
2012/7/4,6.48
2012/7/5,6.59
2012/7/6,6.659
2012/7/7,6.731
2012/7/8,6.781
2012/7/9,6.907
2012/7/10,7.111
2012/7/11,7.175
2012/7/12,7.467
2012/7/13,7.676
2012/7/14,7.571
2012/7/15,7.582
2012/7/16,8.091
2012/7/17,8.65
2012/7/18,8.955
2012/7/19,8.99
2012/7/20,8.695
2012/7/21,8.702
2012/7/22,8.634
2012/7/23,8.439
2012/7/24,8.523
2012/7/25,8.675
2012/7/26,8.85
2012/7/27,8.9
2012/7/28,8.894
2012/7/29,8.799
2012/7/30,8.904
2012/7/31,9.214
2012/8/1,9.45
2012/8/2,10.042
2012/8/3,10.797
2012/8/4,10.982
2012/8/5,10.927
2012/8/6,10.863
2012/8/7,11.005
2012/8/8,11.078
2012/8/9,11.08
2012/8/10,11.293
2012/8/11,11.505
2012/8/12,11.567
2012/8/13,11.831
2012/8/14,12.114
2012/8/15,12.72
2012/8/16,13.375
2012/8/17,12.512
2012/8/18,11.71
2012/8/19,9.79
2012/8/20,9.05
2012/8/21,9.988
2012/8/22,9.861
2012/8/23,9.91
2012/8/24,10.35
2012/8/25,10.562
2012/8/26,10.605
2012/8/27,10.77
2012/8/28,10.95
2012/8/29,10.923
2012/8/30,10.782
2012/8/31,10.468
2012/9/1,10.058
2012/9/2,10.102
2012/9/3,10.37
2012/9/4,10.457
2012/9/5,10.692
2012/9/6,11.091
2012/9/7,11.098
2012/9/8,11.067
2012/9/9,11.035
2012/9/10,11.095
2012/9/11,11.241
2012/9/12,11.348
2012/9/13,11.314
2012/9/14,11.57
2012/9/15,11.75
2012/9/16,11.81
2012/9/17,11.88
2012/9/18,12.091
2012/9/19,12.402
2012/9/20,12.436
2012/9/21,12.384
2012/9/22,12.256
2012/9/23,12.216
2012/9/24,12.126
2012/9/25,12.149
2012/9/26,12.233
2012/9/27,12.339
2012/9/28,12.331
2012/9/29,12.407
2012/9/30,12.382
2012/10/1,12.375
2012/10/2,12.635
2012/10/3,12.865
2012/10/4,12.867
2012/10/5,12.75
2012/10/6,12.647
2012/10/7,12.153
2012/10/8,11.839
2012/10/9,11.817
2012/10/10,12.008
2012/10/11,12.08
2012/10/12,12.059
2012/10/13,11.931
2012/10/14,11.8
2012/10/15,11.707
2012/10/16,11.844
2012/10/17,11.817
2012/10/18,11.875
2012/10/19,11.838
2012/10/20,11.74
2012/10/21,11.685
2012/10/22,11.671
2012/10/23,11.697
2012/10/24,11.65
2012/10/25,11.256
2012/10/26,10.512
2012/10/27,10.216
2012/10/28,10.48
2012/10/29,10.65
2012/10/30,10.739
2012/10/31,11.041
2012/11/1,10.875
2012/11/2,10.519
2012/11/3,10.556
2012/11/4,10.725
2012/11/5,10.774
2012/11/6,10.814
2012/11/7,10.909
2012/11/8,10.922
2012/11/9,10.873
2012/11/10,10.852
2012/11/11,10.879
2012/11/12,10.924
2012/11/13,10.98
2012/11/14,10.975
2012/11/15,11.093
2012/11/16,11.475
2012/11/17,11.769
2012/11/18,11.72
2012/11/19,11.732
2012/11/20,11.713
2012/11/21,11.735
2012/11/22,12.086
2012/11/23,12.357
2012/11/24,12.399
2012/11/25,12.447
2012/11/26,12.364
2012/11/27,12.223
2012/11/28,12.274
2012/11/29,12.399
2012/11/30,12.552
2012/12/1,12.564
2012/12/2,12.536
2012/12/3,12.591
2012/12/4,13.03
2012/12/5,13.39
2012/12/6,13.3
2012/12/7,13.399
2012/12/8,13.46
2012/12/9,13.404
2012/12/10,13.411
2012/12/11,13.529
2012/12/12,13.684
2012/12/13,13.7
2012/12/14,13.653
2012/12/15,13.545
2012/12/16,13.395
2012/12/17,13.275
2012/12/18,13.275
2012/12/19,13.449
2012/12/20,13.578
2012/12/21,13.54
2012/12/22,13.436
2012/12/23,13.392
2012/12/24,13.376
2012/12/25,13.385
2012/12/26,13.409
2012/12/27,13.443
2012/12/28,13.431
2012/12/29,13.45
2012/12/30,13.431
2012/12/31,13.451
2013/1/1,13.407
2013/1/2,13.201
2013/1/3,13.212
2013/1/4,13.219
2013/1/5,13.173
2013/1/6,13.122
2013/1/7,13.162
2013/1/8,13.406
2013/1/9,13.602
2013/1/10,13.751
2013/1/11,13.988
2013/1/12,13.981
2013/1/13,13.922
2013/1/14,13.982
2013/1/15,13.967
2013/1/16,14.199
2013/1/17,14.856
2013/1/18,15.302
2013/1/19,15.299
2013/1/20,15.335
2013/1/21,15.823
2013/1/22,16.642
2013/1/23,17.023
2013/1/24,16.938
2013/1/25,16.824
2013/1/26,17.166
2013/1/27,17.284
2013/1/28,17.713
2013/1/29,18.539
2013/1/30,18.975
2013/1/31,19.718
2013/2/1,20.218
2013/2/2,20.025
2013/2/3,20.02
2013/2/4,20.116
2013/2/5,20.114
2013/2/6,20.475
2013/2/7,21.218
2013/2/8,21.993
2013/2/9,22.796
2013/2/10,23.261
2013/2/11,23.705
2013/2/12,24.107
2013/2/13,24.252
2013/2/14,25.164
2013/2/15,26.364
2013/2/16,26.544
2013/2/17,26.545
2013/2/18,26.525
2013/2/19,27.694
2013/2/20,28.941
2013/2/21,29.279
2013/2/22,29.255
2013/2/23,29.01
2013/2/24,28.771
2013/2/25,28.8
2013/2/26,29.141
2013/2/27,29.849
2013/2/28,31.366
2013/3/1,33.236
2013/3/2,33.118
2013/3/3,32.458
2013/3/4,33.353
2013/3/5,36.627
2013/3/6,38.99
2013/3/7,39.99
2013/3/8,41.29
2013/3/9,43.161
2013/3/10,44.418
2013/3/11,45.12
2013/3/12,44.108
2013/3/13,42.786
2013/3/14,43.303
2013/3/15,43.596
2013/3/16,44.159
2013/3/17,43.931
2013/3/18,46.26
2013/3/19,51.382
2013/3/20,57.752
2013/3/21,63.989
2013/3/22,65.74
2013/3/23,63.616
2013/3/24,64.77
2013/3/25,69.145
2013/3/26,71.704
2013/3/27,79.237
2013/3/28,85.752
2013/3/29,86.591
2013/3/30,87.454
2013/3/31,89.05
2013/4/1,94.715
2013/4/2,107.749
2013/4/3,120.003
2013/4/4,123.562
2013/4/5,128.664
2013/4/6,134.114
2013/4/7,142.08
2013/4/8,163.561
2013/4/9,195.397
2013/4/10,178.5
2013/4/11,115
2013/4/12,92.446
2013/4/13,98.435
2013/4/14,91.849
2013/4/15,87.108
2013/4/16,75.043
2013/4/17,77.734
2013/4/18,94.679
2013/4/19,106.7
2013/4/20,114.48
2013/4/21,114.295
2013/4/22,113.535
2013/4/23,120.78
2013/4/24,134.8
2013/4/25,139.74
2013/4/26,132.945
2013/4/27,126.316
2013/4/28,124.045
2013/4/29,130.56
2013/4/30,134.465
2013/5/1,124.662
2013/5/2,111.049
2013/5/3,102.694
2013/5/4,105.04
2013/5/5,113.464
2013/5/6,113.005
2013/5/7,110.375
2013/5/8,109.595
2013/5/9,108.42
2013/5/10,110.54
2013/5/11,112.503
2013/5/12,111.738
2013/5/13,112.241
2013/5/14,108.635
2013/5/15,104.575
2013/5/16,107
2013/5/17,110.492
2013/5/18,112.815
2013/5/19,112.905
2013/5/20,113.2
2013/5/21,115.28
2013/5/22,116.686
2013/5/23,118.696
2013/5/24,124.605
2013/5/25,127.725
2013/5/26,128.75
2013/5/27,128.355
2013/5/28,125.725
2013/5/29,126.43
2013/5/30,127.245
2013/5/31,126.424
2013/6/1,126.909
2013/6/2,124.135
2013/6/3,120.333
2013/6/4,119.685
2013/6/5,120.096
2013/6/6,119.388
2013/6/7,115.014
2013/6/8,110.585
2013/6/9,105.935
2013/6/10,104.06
2013/6/11,106.555
2013/6/12,108.05
2013/6/13,106.945
2013/6/14,102.855
2013/6/15,100.25
2013/6/16,100.355
2013/6/17,100.846
2013/6/18,103.663
2013/6/19,105.104
2013/6/20,105.826
2013/6/21,106.072
2013/6/22,103.671
2013/6/23,101.679
2013/6/24,98.478
2013/6/25,97.247
2013/6/26,98
2013/6/27,96.6
2013/6/28,92.242
2013/6/29,89.283
2013/6/30,89.829
2013/7/1,85.608
2013/7/2,83.204
2013/7/3,81.424
2013/7/4,78.461
2013/7/5,73.017
2013/7/6,66
2013/7/7,69.751
2013/7/8,73.549
2013/7/9,72.494
2013/7/10,75.989
2013/7/11,81.5
2013/7/12,84.999
2013/7/13,88.095
2013/7/14,88.156
2013/7/15,89.295
2013/7/16,89.925
2013/7/17,88.775
2013/7/18,86.483
2013/7/19,83.838
2013/7/20,83.858
2013/7/21,83.889
2013/7/22,84.1
2013/7/23,85.24
2013/7/24,86.425
2013/7/25,87.875
2013/7/26,89.193
2013/7/27,88.506
2013/7/28,88.353
2013/7/29,91.241
2013/7/30,93.05
2013/7/31,96
2013/8/1,95.875
2013/8/2,95.495
2013/8/3,95.372
2013/8/4,94.551
2013/8/5,95.46
2013/8/6,96.892
2013/8/7,97.39
2013/8/8,95.932
2013/8/9,94.179
2013/8/10,93.381
2013/8/11,93.038
2013/8/12,93.989
2013/8/13,94.938
2013/8/14,96.293
2013/8/15,96.952
2013/8/16,96.543
2013/8/17,96.796
2013/8/18,96.925
2013/8/19,97.996
2013/8/20,101.101
2013/8/21,105.11
2013/8/22,107.292
2013/8/23,106.115
2013/8/24,105.799
2013/8/25,107.66
2013/8/26,108.695
2013/8/27,111.875
2013/8/28,115.28
2013/8/29,115.785
2013/8/30,118.347
2013/8/31,122.066
2013/9/1,124.651
2013/9/2,125.588
2013/9/3,124.863
2013/9/4,120.747
2013/9/5,117.345
2013/9/6,115.05
2013/9/7,115.023
2013/9/8,116.613
2013/9/9,117.844
2013/9/10,119.961
2013/9/11,121.733
2013/9/12,123.67
2013/9/13,124.07
2013/9/14,123.947
2013/9/15,123.693
2013/9/16,123.8
2013/9/17,124.251
2013/9/18,125.036
2013/9/19,122.527
2013/9/20,121.008
2013/9/21,121.108
2013/9/22,121.534
2013/9/23,121.286
2013/9/24,121.31
2013/9/25,122.14
2013/9/26,122.652
2013/9/27,122.374
2013/9/28,123.201
2013/9/29,123.325
2013/9/30,123.05
2013/10/1,123.374
2013/10/2,112.777
2013/10/3,108.504
2013/10/4,117.032
2013/10/5,119.311
2013/10/6,119.368
2013/10/7,120.405
2013/10/8,121.615
2013/10/9,122.893
2013/10/10,123.503
2013/10/11,123.832
2013/10/12,124.149
2013/10/13,126.822
2013/10/14,130.117
2013/10/15,134.739
2013/10/16,136.214
2013/10/17,138.704
2013/10/18,143.723
2013/10/19,153.886
2013/10/20,157.329
2013/10/21,164.81
2013/10/22,180.316
2013/10/23,191.426
2013/10/24,185.605
2013/10/25,169.469
2013/10/26,172.97
2013/10/27,178.428
2013/10/28,188.042
2013/10/29,193.134
2013/10/30,195.57
2013/10/31,195.73
2013/11/1,197.87
2013/11/2,199.6
2013/11/3,202.56
2013/11/4,213.806
2013/11/5,231.403
2013/11/6,248.284
2013/11/7,274.025
2013/11/8,298.115
2013/11/9,334.983
2013/11/10,291.892
2013/11/11,314.01
2013/11/12,336.63
2013/11/13,369.033
2013/11/14,400.994
2013/11/15,411.755
2013/11/16,418.345
2013/11/17,453.251
2013/11/18,550.5
2013/11/19,601.887
2013/11/20,494.668
2013/11/21,599.545
2013/11/22,675.116
2013/11/23,738.639
2013/11/24,702.545
2013/11/25,723.096
2013/11/26,796.644
2013/11/27,891.298
2013/11/28,934.539
2013/11/29,981.667
2013/11/30,1052
2013/12/1,915.571
2013/12/2,917.898
2013/12/3,984.654
2013/12/4,1037
2013/12/5,991.025
2013/12/6,916.265
2013/12/7,720.715
2013/12/8,733.548
2013/12/9,856.334
2013/12/10,916.819
2013/12/11,887.697
2013/12/12,853.621
2013/12/13,870.134
2013/12/14,854.784
2013/12/15,834.51
2013/12/16,774.416
2013/12/17,673.001
2013/12/18,554.522
2013/12/19,615.988
2013/12/20,663.529
2013/12/21,614.291
2013/12/22,634.818
2013/12/23,650.085
2013/12/24,670.728
2013/12/25,670.394
2013/12/26,730.449
2013/12/27,753.055
2013/12/28,738.125
2013/12/29,729.759
2013/12/30,760.719
2013/12/31,756.614
2014/1/1,771.144
2014/1/2,779.773
2014/1/3,793.629
2014/1/4,834.69
2014/1/5,877.685
2014/1/6,961.717
2014/1/7,914.81
2014/1/8,848.331
2014/1/9,849.84
2014/1/10,846.22
2014/1/11,899.476
2014/1/12,893.878
2014/1/13,837.415
2014/1/14,844.33
2014/1/15,857.806
2014/1/16,854.108
2014/1/17,822.71
2014/1/18,836.905
2014/1/19,842.293
2014/1/20,886.057
2014/1/21,863.039
2014/1/22,852.448
2014/1/23,837.897
2014/1/24,808.157
2014/1/25,829.446
2014/1/26,861.16
2014/1/27,859.05
2014/1/28,798.213
2014/1/29,825.551
2014/1/30,812.648
2014/1/31,824.542
2014/2/1,838.57
2014/2/2,835.689
2014/2/3,816.934
2014/2/4,817.692
2014/2/5,830.298
2014/2/6,800.337
2014/2/7,727.901
2014/2/8,696.661
2014/2/9,676.229
2014/2/10,659.682
2014/2/11,661.433
2014/2/12,634.091
2014/2/13,574.95
2014/2/14,547.519
2014/2/15,587.908
2014/2/16,633.999
2014/2/17,630.288
2014/2/18,628.232
2014/2/19,622.409
2014/2/20,597.613
2014/2/21,565.081
2014/2/22,578.305
2014/2/23,618.523
2014/2/24,570.345
2014/2/25,499.8
2014/2/26,572.999
2014/2/27,580.375
2014/2/28,567.657
2014/3/1,560.083
2014/3/2,561.09
2014/3/3,604.807
2014/3/4,677.606
2014/3/5,662.002
2014/3/6,661.353
2014/3/7,642.185
2014/3/8,619.677
2014/3/9,627.479
2014/3/10,630.301
2014/3/11,625.927
2014/3/12,636.984
2014/3/13,638.79
2014/3/14,632.924
2014/3/15,631.464
2014/3/16,631.648
2014/3/17,625.026
2014/3/18,613.511
2014/3/19,613.783
2014/3/20,596.009
2014/3/21,582.231
2014/3/22,563.348
2014/3/23,564.372
2014/3/24,563.641
2014/3/25,577.854
2014/3/26,579.582
2014/3/27,543.197
2014/3/28,502.664
2014/3/29,499.324
2014/3/30,469.428
2014/3/31,457.005
2014/4/1,476.297
2014/4/2,466.322
2014/4/3,434.951
2014/4/4,444.394
2014/4/5,451.812
2014/4/6,459.325
2014/4/7,454.031
2014/4/8,451.41
2014/4/9,447.11
2014/4/10,407.703
2014/4/11,403.328
2014/4/12,425.31
2014/4/13,415.876
2014/4/14,445.898
2014/4/15,487.666
2014/4/16,517.354
2014/4/17,505.461
2014/4/18,485.296
2014/4/19,490.961
2014/4/20,501.271
2014/4/21,498.97
2014/4/22,491.704
2014/4/23,486.543
2014/4/24,487.399
2014/4/25,464.777
2014/4/26,456.496
2014/4/27,450.932
2014/4/28,435.888
2014/4/29,443.354
2014/4/30,444.261
2014/5/1,453.541
2014/5/2,448.574
2014/5/3,439.48
2014/5/4,434.535
2014/5/5,431.727
2014/5/6,427.341
2014/5/7,435.189
2014/5/8,440.75
2014/5/9,443.871
2014/5/10,449.566
2014/5/11,442.545
2014/5/12,438.129
2014/5/13,437.341
2014/5/14,441.538
2014/5/15,445.787
2014/5/16,444.766
2014/5/17,446.281
2014/5/18,445.298
2014/5/19,445.022
2014/5/20,465.278
2014/5/21,492.31
2014/5/22,509.156
2014/5/23,529.149
2014/5/24,519.347
2014/5/25,559.931
2014/5/26,580.277
2014/5/27,573.388
2014/5/28,571.987
2014/5/29,566.816
2014/5/30,593.201
2014/5/31,619.564
2014/6/1,644.487
2014/6/2,635.862
2014/6/3,664.422
2014/6/4,641.523
2014/6/5,651.272
2014/6/6,654.137
2014/6/7,650.778
2014/6/8,652.884
2014/6/9,648.195
2014/6/10,650.767
2014/6/11,642.504
2014/6/12,621.319
2014/6/13,595.946
2014/6/14,575.029
2014/6/15,565.303
2014/6/16,596.048
2014/6/17,596.985
2014/6/18,607.673
2014/6/19,603.129
2014/6/20,590.957
2014/6/21,589.485
2014/6/22,598.9
2014/6/23,589.476
2014/6/24,585.681
2014/6/25,568.912
2014/6/26,569.836
2014/6/27,583.871
2014/6/28,596.82
2014/6/29,594.664
2014/6/30,620.059
2014/7/1,649.274
2014/7/2,645.747
2014/7/3,643.645
2014/7/4,636.579
2014/7/5,629.756
2014/7/6,632.787
2014/7/7,626.639
2014/7/8,621.123
2014/7/9,621.434
2014/7/10,616.557
2014/7/11,622.121
2014/7/12,632.056
2014/7/13,629.664
2014/7/14,621.8
2014/7/15,621.061
2014/7/16,617.3
2014/7/17,617.851
2014/7/18,622.126
2014/7/19,626.392
2014/7/20,622.21
2014/7/21,618.92
2014/7/22,620.249
2014/7/23,618.566
2014/7/24,607.944
2014/7/25,600.002
2014/7/26,594.585
2014/7/27,596.029
2014/7/28,585.359
2014/7/29,584.376
2014/7/30,574.994
2014/7/31,574.929
2014/8/1,591.067
2014/8/2,590.42
2014/8/3,583.32
2014/8/4,585.95
2014/8/5,582.376
2014/8/6,581.009
2014/8/7,583.85
2014/8/8,590.585
2014/8/9,586.527
2014/8/10,588.101
2014/8/11,583.969
2014/8/12,568.256
2014/8/13,551.058
2014/8/14,518.99
2014/8/15,506.064
2014/8/16,501.845
2014/8/17,504.405
2014/8/18,476.384
2014/8/19,476.972
2014/8/20,491.137
2014/8/21,521.423
2014/8/22,513.078
2014/8/23,503.706
2014/8/24,504.419
2014/8/25,502.862
2014/8/26,507.703
2014/8/27,514.911
2014/8/28,509.791
2014/8/29,506.639
2014/8/30,502.665
2014/8/31,488.836
2014/9/1,479.421
2014/9/2,477.176
2014/9/3,475.398
2014/9/4,481.297
2014/9/5,484.581
2014/9/6,481.482
2014/9/7,481.745
2014/9/8,470.073
2014/9/9,466.454
2014/9/10,482.398
2014/9/11,475.58
2014/9/12,472.322
2014/9/13,475.441
2014/9/14,476.655
2014/9/15,474.915
2014/9/16,467.613
2014/9/17,456.38
2014/9/18,438.518
2014/9/19,405.935
2014/9/20,410.022
2014/9/21,401.12
2014/9/22,400.275
2014/9/23,407.475
2014/9/24,428.517
2014/9/25,411.195
2014/9/26,404.503
2014/9/27,401.439
2014/9/28,390.912
2014/9/29,377.415
2014/9/30,379.119
2014/10/1,384.118
2014/10/2,377.698
2014/10/3,367.304
2014/10/4,345.878
2014/10/5,315.801
2014/10/6,322.456
2014/10/7,328.313
2014/10/8,339.094
2014/10/9,364.531
2014/10/10,362.28
2014/10/11,359.388
2014/10/12,362.544
2014/10/13,378.689
2014/10/14,402.084
2014/10/15,393.788
2014/10/16,386.265
2014/10/17,379.451
2014/10/18,384.702
2014/10/19,388.404
2014/10/20,382.291
2014/10/21,383.996
2014/10/22,382.802
2014/10/23,367.289
2014/10/24,355.716
2014/10/25,349.089
2014/10/26,351.284
2014/10/27,352.794
2014/10/28,352.906
2014/10/29,344.899
2014/10/30,337.866
2014/10/31,341.339
2014/11/1,329.102
2014/11/2,324.34
2014/11/3,327.819
2014/11/4,325.84
2014/11/5,336.991
2014/11/6,342.284
2014/11/7,344.945
2014/11/8,343.176
2014/11/9,349.881
2014/11/10,365.791
2014/11/11,366.689
2014/11/12,394.94
2014/11/13,428.535
2014/11/14,397.306
2014/11/15,386.82
2014/11/16,384.374
2014/11/17,397.121
2014/11/18,381.052
2014/11/19,378.646
2014/11/20,365.837
2014/11/21,351.592
2014/11/22,356.53
2014/11/23,358.505
2014/11/24,374.924
2014/11/25,383.251
2014/11/26,371.775
2014/11/27,370.752
2014/11/28,369.434
2014/11/29,378.702
2014/11/30,377.846
2014/12/1,379.647
2014/12/2,381.317
2014/12/3,378.7
2014/12/4,374.17
2014/12/5,372.933
2014/12/6,374.938
2014/12/7,375.025
2014/12/8,368.947
2014/12/9,352.726
2014/12/10,349.289
2014/12/11,351.872
2014/12/12,350.835
2014/12/13,347.5
2014/12/14,348.199
2014/12/15,347.166
2014/12/16,335.169
2014/12/17,323.149
2014/12/18,312.662
2014/12/19,312.341
2014/12/20,324.713
2014/12/21,323.943
2014/12/22,328.083
2014/12/23,332.744
2014/12/24,329.188
2014/12/25,319.032
2014/12/26,323.135
2014/12/27,318.737
2014/12/28,315.441
2014/12/29,314.822
2014/12/30,311.944
2014/12/31,312.724
2015/1/1,315.626
2015/1/2,314.346
2015/1/3,303.591
2015/1/4,274.82
2015/1/5,272.076
2015/1/6,276.104
2015/1/7,287.178
2015/1/8,287.542
2015/1/9,283.794
2015/1/10,280.21
2015/1/11,273.146
2015/1/12,269.036
2015/1/13,239.441
2015/1/14,197.577
2015/1/15,205.937
2015/1/16,211.756
2015/1/17,200.604
2015/1/18,205.929
2015/1/19,211.824
2015/1/20,210.64
2015/1/21,214.636
2015/1/22,232.311
2015/1/23,229.752
2015/1/24,237.146
2015/1/25,248.51
2015/1/26,281.323
2015/1/27,261.244
2015/1/28,252.788
2015/1/29,232.4
2015/1/30,232.471
2015/1/31,227.909
2015/2/1,218.482
2015/2/2,226.795
2015/2/3,236.83
2015/2/4,225.308
2015/2/5,222.448
2015/2/6,219.936
2015/2/7,225.863
2015/2/8,224.9
2015/2/9,220.946
2015/2/10,218.176
2015/2/11,220.585
2015/2/12,219.338
2015/2/13,231.691
2015/2/14,246.158
2015/2/15,250.235
2015/2/16,234.532
2015/2/17,238.71
2015/2/18,239.529
2015/2/19,237.832
2015/2/20,242.991
2015/2/21,244.115
2015/2/22,241.202
2015/2/23,236.119
2015/2/24,238.067
2015/2/25,237.006
2015/2/26,235.973
2015/2/27,250.348
2015/2/28,252.709
2015/3/1,251.478
2015/3/2,262.486
2015/3/3,275.364
2015/3/4,278.934
2015/3/5,270.497
2015/3/6,272.846
2015/3/7,273.282
2015/3/8,275.227
2015/3/9,281.962
2015/3/10,293.828
2015/3/11,293.97
2015/3/12,294.297
2015/3/13,291.01
2015/3/14,283.365
2015/3/15,283.896
2015/3/16,290.818
2015/3/17,288.825
2015/3/18,273.617
2015/3/19,257.124
2015/3/20,260.716
2015/3/21,259.368
2015/3/22,261.797
2015/3/23,267.213
2015/3/24,256.186
2015/3/25,244.675
2015/3/26,248.965
2015/3/27,247.396
2015/3/28,251.271
2015/3/29,245.128
2015/3/30,245.129
2015/3/31,245.298
2015/4/1,243.148
2015/4/2,248.23
2015/4/3,253.57
2015/4/4,252.689
2015/4/5,255.001
2015/4/6,257.67
2015/4/7,253.059
2015/4/8,248.466
2015/4/9,243.593
2015/4/10,237.873
2015/4/11,235.894
2015/4/12,235.993
2015/4/13,232.263
2015/4/14,220.026
2015/4/15,220.804
2015/4/16,226.535
2015/4/17,224.203
2015/4/18,222.465
2015/4/19,224.044
2015/4/20,223.809
2015/4/21,225.98
2015/4/22,235.296
2015/4/23,234.356
2015/4/24,231.602
2015/4/25,228.42
2015/4/26,218.799
2015/4/27,221.019
2015/4/28,225.576
2015/4/29,225.106
2015/4/30,231.562
2015/5/1,235.075
2015/5/2,234.385
2015/5/3,239.501
2015/5/4,240.104
2015/5/5,235.564
2015/5/6,234.619
2015/5/7,232.198
2015/5/8,240.039
2015/5/9,242.641
2015/5/10,241.37
2015/5/11,241.467
2015/5/12,241.493
2015/5/13,242.205
2015/5/14,236.365
2015/5/15,237.222
2015/5/16,236.928
2015/5/17,236.816
2015/5/18,236.105
2015/5/19,232.979
2015/5/20,233.256
2015/5/21,235.065
2015/5/22,237.015
2015/5/23,240.003
2015/5/24,239.853
2015/5/25,238.622
2015/5/26,237.372
2015/5/27,237.443
2015/5/28,237.222
2015/5/29,236.889
2015/5/30,234.263
2015/5/31,232.298
2015/6/1,227.302
2015/6/2,224.221
2015/6/3,226.123
2015/6/4,225.462
2015/6/5,224.648
2015/6/6,225.153
2015/6/7,224.866
2015/6/8,226.036
2015/6/9,229.474
2015/6/10,229.253
2015/6/11,229.8
2015/6/12,230.569
2015/6/13,230.832
2015/6/14,233.557
2015/6/15,235.626
2015/6/16,241.816
2015/6/17,250.867
2015/6/18,248.304
2015/6/19,247.452
2015/6/20,243.001
2015/6/21,243.39
2015/6/22,245.632
2015/6/23,245.012
2015/6/24,243.214
2015/6/25,242.511
2015/6/26,242.731
2015/6/27,246.389
2015/6/28,249.74
2015/6/29,252.903
2015/6/30,262.642
2015/7/1,260.055
2015/7/2,257.569
2015/7/3,256.101
2015/7/4,257.741
2015/7/5,264.51
2015/7/6,271.941
2015/7/7,267.655
2015/7/8,268.562
2015/7/9,269.981
2015/7/10,281.268
2015/7/11,291.386
2015/7/12,304.274
2015/7/13,293.763
2015/7/14,290.261
2015/7/15,290.258
2015/7/16,282.262
2015/7/17,277.177
2015/7/18,277.466
2015/7/19,274.834
2015/7/20,276.116
2015/7/21,278.551
2015/7/22,276.546
2015/7/23,277.064
2015/7/24,282.729
2015/7/25,288.564
2015/7/26,290.788
2015/7/27,291.318
2015/7/28,294.087
2015/7/29,290.804
2015/7/30,287.751
2015/7/31,284.668
2015/8/1,280.98
2015/8/2,280.317
2015/8/3,282.591
2015/8/4,283.586
2015/8/5,282.593
2015/8/6,279.109
2015/8/7,278.091
2015/8/8,272.542
2015/8/9,263.326
2015/8/10,264.516
2015/8/11,265.458
2015/8/12,267.668
2015/8/13,264.053
2015/8/14,264.837
2015/8/15,264.722
2015/8/16,258.969
2015/8/17,257.854
2015/8/18,253.79
2015/8/19,231.748
2015/8/20,232.887
2015/8/21,233.452
2015/8/22,229.848
2015/8/23,229.287
2015/8/24,219.892
2015/8/25,213.673
2015/8/26,225.249
2015/8/27,225.623
2015/8/28,227.685
2015/8/29,230.117
2015/8/30,229.659
2015/8/31,228.792
2015/9/1,228.197
2015/9/2,228.016
2015/9/3,227.614
2015/9/4,229.058
2015/9/5,231.934
2015/9/6,239.717
2015/9/7,240.53
2015/9/8,243.394
2015/9/9,240.462
2015/9/10,238.539
2015/9/11,239.916
2015/9/12,238.114
2015/9/13,232.617
2015/9/14,230.218
2015/9/15,230.152
2015/9/16,228.705
2015/9/17,230.686
2015/9/18,233.043
2015/9/19,231.588
2015/9/20,230.94
2015/9/21,228.015
2015/9/22,228.689
2015/9/23,230.404
2015/9/24,232.239
2015/9/25,235.295
2015/9/26,234.051
2015/9/27,233.409
2015/9/28,237.125
2015/9/29,237.937
2015/9/30,236.866
2015/10/1,236.899
2015/10/2,237.726
2015/10/3,238.381
2015/10/4,238.794
2015/10/5,238.724
2015/10/6,243.136
2015/10/7,245.262
2015/10/8,243.701
2015/10/9,243.629
2015/10/10,244.579
2015/10/11,245.811
2015/10/12,246.638
2015/10/13,247.404
2015/10/14,251.284
2015/10/15,254.488
2015/10/16,259.868
2015/10/17,269.135
2015/10/18,266.726
2015/10/19,263.775
2015/10/20,267.214
2015/10/21,268.111
2015/10/22,271.908
2015/10/23,276.61
2015/10/24,279.731
2015/10/25,289.505
2015/10/26,284.408
2015/10/27,292.005
2015/10/28,301.252
2015/10/29,309.563
2015/10/30,324.762
2015/10/31,321.941
2015/11/1,316.359
2015/11/2,335.738
2015/11/3,384.145
2015/11/4,449.287
2015/11/5,401.566
2015/11/6,372.194
2015/11/7,383.625
2015/11/8,382.2
2015/11/9,374.932
2015/11/10,365.764
2015/11/11,315.768
2015/11/12,327.694
2015/11/13,333.683
2015/11/14,333.448
2015/11/15,328.106
2015/11/16,322.131
2015/11/17,334.502
2015/11/18,333.66
2015/11/19,330.832
2015/11/20,319.889
2015/11/21,324.813
2015/11/22,324.123
2015/11/23,322.867
2015/11/24,320.608
2015/11/25,322.364
2015/11/26,342.484
2015/11/27,355.977
2015/11/28,354.843
2015/11/29,360.479
2015/11/30,376.271
2015/12/1,367.19
2015/12/2,355.655
2015/12/3,361.925
2015/12/4,359.977
2015/12/5,374.789
2015/12/6,393.696
2015/12/7,393.935
2015/12/8,395.33
2015/12/9,417.576
2015/12/10,415.562
2015/12/11,432.058
2015/12/12,432.019
2015/12/13,435.76
2015/12/14,441.485
2015/12/15,456.742
2015/12/16,456.521
2015/12/17,455.108
2015/12/18,459.385
2015/12/19,462.587
2015/12/20,453.641
2015/12/21,437.468
2015/12/22,439.047
2015/12/23,440.857
2015/12/24,454.111
2015/12/25,454.511
2015/12/26,428.423
2015/12/27,417.265
2015/12/28,424.113
2015/12/29,425.095
2015/12/30,428.988
2015/12/31,425.418
2016/1/1,432.258
2016/1/2,433.24
2016/1/3,429.271
2016/1/4,431.819
2016/1/5,432.241
2016/1/6,429.829
2016/1/7,447.946
2016/1/8,454.849
2016/1/9,449.909
2016/1/10,444.408
2016/1/11,447.174
2016/1/12,445.538
2016/1/13,428.513
2016/1/14,430.349
2016/1/15,403.973
2016/1/16,371.323
2016/1/17,384.435
2016/1/18,383
2016/1/19,383.472
2016/1/20,392.939
2016/1/21,414.174
2016/1/22,393.566
2016/1/23,388.784
2016/1/24,396.316
2016/1/25,396.252
2016/1/26,393.133
2016/1/27,394.257
2016/1/28,383.843
2016/1/29,375.988
2016/1/30,378.256
2016/1/31,377.724
2016/2/1,373.237
2016/2/2,374.287
2016/2/3,372.194
2016/2/4,378.35
2016/2/5,387.86
2016/2/6,377.282
2016/2/7,377.566
2016/2/8,376.95
2016/2/9,374.584
2016/2/10,379.689
2016/2/11,380.995
2016/2/12,382.955
2016/2/13,389.825
2016/2/14,400.002
2016/2/15,404.62
2016/2/16,404.798
2016/2/17,414.783
2016/2/18,420.743
2016/2/19,420.701
2016/2/20,430.082
2016/2/21,438.567
2016/2/22,437.065
2016/2/23,427.514
2016/2/24,421.19
2016/2/25,423.3
2016/2/26,424.262
2016/2/27,432.256
2016/2/28,429.127
2016/2/29,436.765
2016/3/1,434.676
2016/3/2,431.575
2016/3/3,421.323
2016/3/4,419.557
2016/3/5,403.989
2016/3/6,404.42
2016/3/7,409.784
2016/3/8,412.669
2016/3/9,411.941
2016/3/10,413.802
2016/3/11,419.577
2016/3/12,413.346
2016/3/13,412.764
2016/3/14,414.027
2016/3/15,415.778
2016/3/16,415.443
2016/3/17,418.234
2016/3/18,413.077
2016/3/19,407.531
2016/3/20,410.271
2016/3/21,409.752
2016/3/22,415.288
2016/3/23,416.991
2016/3/24,415.821
2016/3/25,415.36
2016/3/26,416.249
2016/3/27,419.438
2016/3/28,423.456
2016/3/29,417.945
2016/3/30,412.853
2016/3/31,414.983
2016/4/1,415.156
2016/4/2,418.138
2016/4/3,417.978
2016/4/4,418.564
2016/4/5,420.973
2016/4/6,421.292
2016/4/7,420.006
2016/4/8,420.314
2016/4/9,416.933
2016/4/10,418.889
2016/4/11,420.07
2016/4/12,423.767
2016/4/13,423.615
2016/4/14,423.23
2016/4/15,426.47
2016/4/16,429.738
2016/4/17,427.826
2016/4/18,427.315
2016/4/19,428.717
2016/4/20,436.562
2016/4/21,443.215
2016/4/22,445.474
2016/4/23,445.852
2016/4/24,452.604
2016/4/25,457.376
2016/4/26,463.109
2016/4/27,458.712
2016/4/28,444.29
2016/4/29,449.257
2016/4/30,451.828
2016/5/1,449.954
2016/5/2,446.236
2016/5/3,446.352
2016/5/4,446.988
2016/5/5,446.657
2016/5/6,451.464
2016/5/7,457.988
2016/5/8,457.595
2016/5/9,458.102
2016/5/10,454.748
2016/5/11,452.584
2016/5/12,451.025
2016/5/13,454.247
2016/5/14,455.025
2016/5/15,455.975
2016/5/16,455.809
2016/5/17,453.459
2016/5/18,453.949
2016/5/19,449.494
2016/5/20,441.529
2016/5/21,442.068
2016/5/22,441.268
2016/5/23,441.669
2016/5/24,445.089
2016/5/25,448.097
2016/5/26,450.845
2016/5/27,472.112
2016/5/28,496.908
2016/5/29,522.366
2016/5/30,533.135
2016/5/31,535.416
2016/6/1,532.201
2016/6/2,534.594
2016/6/3,551.979
2016/6/4,571.159
2016/6/5,573.875
2016/6/6,580.536
2016/6/7,579.599
2016/6/8,574.524
2016/6/9,574.28
2016/6/10,573.047
2016/6/11,579.549
2016/6/12,638.456
2016/6/13,686.885
2016/6/14,685.852
2016/6/15,682.671
2016/6/16,734.99
2016/6/17,744.823
2016/6/18,748.164
2016/6/19,753.295
2016/6/20,747.682
2016/6/21,681.946
2016/6/22,649.939
2016/6/23,588.926
2016/6/24,652.469
2016/6/25,669.287
2016/6/26,640.632
2016/6/27,637.878
2016/6/28,647.563
2016/6/29,633.786
2016/6/30,651.127
2016/7/1,674.251
2016/7/2,683.826
2016/7/3,673.449
2016/7/4,668.624
2016/7/5,669.77
2016/7/6,670.711
2016/7/7,640.923
2016/7/8,644.648
2016/7/9,649.595
2016/7/10,645.327
2016/7/11,646.33
2016/7/12,653.631
2016/7/13,659.574
2016/7/14,655.688
2016/7/15,658.89
2016/7/16,660.703
2016/7/17,667.464
2016/7/18,675.134
2016/7/19,668.951
2016/7/20,667.413
2016/7/21,662.495
2016/7/22,659.521
2016/7/23,653.666
2016/7/24,656.306
2016/7/25,656.119
2016/7/26,651.943
2016/7/27,652.979
2016/7/28,654.826
2016/7/29,655.218
2016/7/30,655.252
2016/7/31,636.085
2016/8/1,620.444
2016/8/2,595.245
2016/8/3,552.184
2016/8/4,572.822
2016/8/5,573.026
2016/8/6,575.443
2016/8/7,589.396
2016/8/8,589.032
2016/8/9,586.113
2016/8/10,589.594
2016/8/11,592.19
2016/8/12,586.987
2016/8/13,586.74
2016/8/14,576.272
2016/8/15,569.003
2016/8/16,571.996
2016/8/17,574.509
2016/8/18,573.871
2016/8/19,574.592
2016/8/20,577.708
2016/8/21,580.948
2016/8/22,582.629
2016/8/23,584.169
2016/8/24,580.74
2016/8/25,575.66
2016/8/26,578.283
2016/8/27,574.184
2016/8/28,572.17
2016/8/29,574.891
2016/8/30,576.744
2016/8/31,574.462
2016/9/1,573.069
2016/9/2,573.174
2016/9/3,579.773
2016/9/4,604.208
2016/9/5,605.63
2016/9/6,606.793
2016/9/7,610.021
2016/9/8,621.285
2016/9/9,622.603
2016/9/10,623.902
2016/9/11,620.306
2016/9/12,607.225
2016/9/13,609.126
2016/9/14,610.447
2016/9/15,609.706
2016/9/16,608.348
2016/9/17,607.443
2016/9/18,607.971
2016/9/19,609.926
2016/9/20,608.701
2016/9/21,597.916
2016/9/22,597.849
2016/9/23,599.46
2016/9/24,603.368
2016/9/25,602.605
2016/9/26,604.645
2016/9/27,605.886
2016/9/28,604.801
2016/9/29,604.65
2016/9/30,604.894
2016/10/1,611.559
2016/10/2,610.758
2016/10/3,610.721
2016/10/4,609.337
2016/10/5,610.478
2016/10/6,611.072
2016/10/7,613.763
2016/10/8,617.237
2016/10/9,616.581
2016/10/10,616.296
2016/10/11,631.621
2016/10/12,637.312
2016/10/13,635.764
2016/10/14,636.521
2016/10/15,639.211
2016/10/16,639.793
2016/10/17,638.715
2016/10/18,637.034
2016/10/19,632.653
2016/10/20,628.962
2016/10/21,631.236
2016/10/22,641.524
2016/10/23,653.664
2016/10/24,650.557
2016/10/25,654.64
2016/10/26,665.07
2016/10/27,682.275
2016/10/28,685.356
2016/10/29,705.335
2016/10/30,704.786
2016/10/31,698.831
2016/11/1,720.121
2016/11/2,724.827
2016/11/3,724.099
2016/11/4,698.792
2016/11/5,702.682
2016/11/6,708.671
2016/11/7,703.872
2016/11/8,705.761
2016/11/9,724.306
2016/11/10,714.235
2016/11/11,714.44
2016/11/12,708.542
2016/11/13,696.136
2016/11/14,701.676
2016/11/15,709.94
2016/11/16,721.652
2016/11/17,742.568
2016/11/18,742.522
2016/11/19,747.646
2016/11/20,740.325
2016/11/21,734.423
2016/11/22,741.868
2016/11/23,742.446
2016/11/24,738.491
2016/11/25,734.983
2016/11/26,734.786
2016/11/27,732.631
2016/11/28,732.658
2016/11/29,732.374
2016/11/30,737.759
2016/12/1,747.59
2016/12/2,767.657
2016/12/3,764.483
2016/12/4,764.011
2016/12/5,754.931
2016/12/6,755.702
2016/12/7,760.565
2016/12/8,766.652
2016/12/9,768.494
2016/12/10,771.991
2016/12/11,767.304
2016/12/12,774.371
2016/12/13,777.648
2016/12/14,776.714
2016/12/15,776.708
2016/12/16,779.035
2016/12/17,786.632
2016/12/18,787.662
2016/12/19,789.416
2016/12/20,789.909
2016/12/21,811.021
2016/12/22,852.382
2016/12/23,894.707
2016/12/24,897.765
2016/12/25,871.821
2016/12/26,896.85
2016/12/27,911.027
2016/12/28,950.293
2016/12/29,965.624
2016/12/30,950.955
2016/12/31,952.778
2017/1/1,970.988
2017/1/2,1010
2017/1/3,1017
2017/1/4,1075
2017/1/5,1045
2017/1/6,927.984
2017/1/7,865.388
2017/1/8,908.784
2017/1/9,890.728
2017/1/10,899.089
2017/1/11,843.358
2017/1/12,781.292
2017/1/13,805.197
2017/1/14,825.581
2017/1/15,816.142
2017/1/16,825.861
2017/1/17,873.162
2017/1/18,882.986
2017/1/19,890.236
2017/1/20,892.331
2017/1/21,914.851
2017/1/22,920.879
2017/1/23,918.084
2017/1/24,906.179
2017/1/25,894.156
2017/1/26,903.996
2017/1/27,914.645
2017/1/28,916.865
2017/1/29,915.551
2017/1/30,915.703
2017/1/31,937.573
2017/2/1,969.061
2017/2/2,989.036
2017/2/3,1009
2017/2/4,1014
2017/2/5,1016
2017/2/6,1017
2017/2/7,1038
2017/2/8,1049
2017/2/9,1020
2017/2/10,973.244
2017/2/11,1003
2017/2/12,999.914
2017/2/13,994.654
2017/2/14,1003
2017/2/15,1006
2017/2/16,1023
2017/2/17,1043
2017/2/18,1056
2017/2/19,1049
2017/2/20,1052
2017/2/21,1095
2017/2/22,1114
2017/2/23,1140
2017/2/24,1178
2017/2/25,1163
2017/2/26,1160
2017/2/27,1181
2017/2/28,1190
2017/3/1,1203
2017/3/2,1237
2017/3/3,1270
2017/3/4,1271
2017/3/5,1261
2017/3/6,1273
2017/3/7,1252
2017/3/8,1196
2017/3/9,1175
2017/3/10,1202
2017/3/11,1168
2017/3/12,1195
2017/3/13,1229
2017/3/14,1239
2017/3/15,1248
2017/3/16,1218
2017/3/17,1131
2017/3/18,1039
2017/3/19,1014
2017/3/20,1039
2017/3/21,1089
2017/3/22,1062
2017/3/23,1043
2017/3/24,997.754
2017/3/25,934.795
2017/3/26,973.897
2017/3/27,1003
2017/3/28,1045
2017/3/29,1036
2017/3/30,1037
2017/3/31,1057
2017/4/1,1083
2017/4/2,1090
2017/4/3,1132
2017/4/4,1142
2017/4/5,1128
2017/4/6,1164
2017/4/7,1189
2017/4/8,1188
2017/4/9,1194
2017/4/10,1208
2017/4/11,1213
2017/4/12,1218
2017/4/13,1191
2017/4/14,1185
2017/4/15,1188
2017/4/16,1188
2017/4/17,1190
2017/4/18,1218
2017/4/19,1217
2017/4/20,1233
2017/4/21,1256
2017/4/22,1252
2017/4/23,1252
2017/4/24,1257
2017/4/25,1269
2017/4/26,1293
2017/4/27,1318
2017/4/28,1326
2017/4/29,1335
2017/4/30,1337
2017/5/1,1390
2017/5/2,1437
2017/5/3,1462
2017/5/4,1517
2017/5/5,1534
2017/5/6,1530
2017/5/7,1541
2017/5/8,1600
2017/5/9,1700
2017/5/10,1721
2017/5/11,1800
2017/5/12,1763
2017/5/13,1700
2017/5/14,1776
2017/5/15,1722
2017/5/16,1709
2017/5/17,1790
2017/5/18,1837
2017/5/19,1923
2017/5/20,1988
2017/5/21,2045
2017/5/22,2149
2017/5/23,2208
2017/5/24,2379
2017/5/25,2568
2017/5/26,2377
2017/5/27,2061
2017/5/28,2158
2017/5/29,2208
2017/5/30,2258
2017/5/31,2236
2017/6/1,2384
2017/6/2,2413
2017/6/3,2500
2017/6/4,2512
2017/6/5,2594
2017/6/6,2822
2017/6/7,2797
2017/6/8,2741
2017/6/9,2811
2017/6/10,2845
2017/6/11,2894
2017/6/12,2799
2017/6/13,2712
2017/6/14,2654
2017/6/15,2377
2017/6/16,2456
2017/6/17,2559
2017/6/18,2566
2017/6/19,2561
2017/6/20,2657
2017/6/21,2707
2017/6/22,2677
2017/6/23,2710
2017/6/24,2654
2017/6/25,2567
2017/6/26,2472
2017/6/27,2409
2017/6/28,2524
2017/6/29,2545
2017/6/30,2513
2017/7/1,2447
2017/7/2,2431
2017/7/3,2518
2017/7/4,2588
2017/7/5,2566
2017/7/6,2589
2017/7/7,2542
2017/7/8,2513
2017/7/9,2540
2017/7/10,2455
2017/7/11,2341
2017/7/12,2341
2017/7/13,2365
2017/7/14,2276
2017/7/15,2079
2017/7/16,1941
2017/7/17,2054
2017/7/18,2268
2017/7/19,2309
2017/7/20,2471
2017/7/21,2702
2017/7/22,2766
2017/7/23,2760
2017/7/24,2745
2017/7/25,2625
2017/7/26,2503
2017/7/27,2571
2017/7/28,2742
2017/7/29,2725
2017/7/30,2693
2017/7/31,2771
2017/8/1,2785
2017/8/2,2718
2017/8/3,2747
2017/8/4,2831
2017/8/5,3152
2017/8/6,3238
2017/8/7,3306
2017/8/8,3422
2017/8/9,3353
2017/8/10,3399
2017/8/11,3514
2017/8/12,3780
2017/8/13,4041
2017/8/14,4185
2017/8/15,4189
2017/8/16,4177
2017/8/17,4354
2017/8/18,4240
2017/8/19,4090
2017/8/20,4101
2017/8/21,4043
2017/8/22,3941
2017/8/23,4156
2017/8/24,4202
2017/8/25,4367
2017/8/26,4323
2017/8/27,4349
2017/8/28,4316
2017/8/29,4473
2017/8/30,4586
2017/8/31,4677
2017/9/1,4808
2017/9/2,4694
2017/9/3,4601
2017/9/4,4402
2017/9/5,4290
2017/9/6,4564
2017/9/7,4613
2017/9/8,4509
2017/9/9,4327
2017/9/10,4224
2017/9/11,4239
2017/9/12,4271
2017/9/13,3956
2017/9/14,3648
2017/9/15,3430
2017/9/16,3733
2017/9/17,3669
2017/9/18,3962
2017/9/19,3978
2017/9/20,3958
2017/9/21,3811
2017/9/22,3645
2017/9/23,3735
2017/9/24,3713
2017/9/25,3832
2017/9/26,3928
2017/9/27,4045
2017/9/28,4200
2017/9/29,4156
2017/9/30,4290
2017/10/1,4323
2017/10/2,4421
2017/10/3,4326
2017/10/4,4263
2017/10/5,4268
2017/10/6,4372
2017/10/7,4364
2017/10/8,4508
2017/10/9,4655
2017/10/10,4825
2017/10/11,4796
2017/10/12,5076
2017/10/13,5611
2017/10/14,5677
2017/10/15,5632
2017/10/16,5680
2017/10/17,5633
2017/10/18,5398
2017/10/19,5656
2017/10/20,5788
2017/10/21,6077
2017/10/22,5919
2017/10/23,5877
2017/10/24,5662
2017/10/25,5546
2017/10/26,5824
2017/10/27,5824
2017/10/28,5755
2017/10/29,5882
2017/10/30,6122
2017/10/31,6244
2017/11/1,6507
2017/11/2,6963
2017/11/3,7240
2017/11/4,7264
2017/11/5,7472
2017/11/6,7254
2017/11/7,7113
2017/11/8,7383
2017/11/9,7250
2017/11/10,6951
2017/11/11,6549
2017/11/12,6115
2017/11/13,6345
2017/11/14,6601
2017/11/15,7074
2017/11/16,7462
2017/11/17,7840
2017/11/18,7705
2017/11/19,7832
2017/11/20,8112
2017/11/21,8178
2017/11/22,8206
2017/11/23,8184
2017/11/24,8168
2017/11/25,8464
2017/11/26,9041
2017/11/27,9607
2017/11/28,9867
2017/11/29,10480
2017/11/30,9996
2017/12/1,10236
2017/12/2,10976
2017/12/3,11320
2017/12/4,11414
2017/12/5,11716
2017/12/6,12656
2017/12/7,15282
2017/12/8,16326
2017/12/9,15335
2017/12/10,14558
2017/12/11,16561
2017/12/12,16914
2017/12/13,16746
2017/12/14,16521
2017/12/15,17543
2017/12/16,18334
2017/12/17,19401
2017/12/18,18854
2017/12/19,18319
2017/12/20,16899
2017/12/21,16311
2017/12/22,14030
2017/12/23,15086
2017/12/24,13698
2017/12/25,13825
2017/12/26,15224
2017/12/27,15712
2017/12/28,14342
2017/12/29,14598
2017/12/30,13277
2017/12/31,13402
2018/1/1,13523
2018/1/2,13924
2018/1/3,15027
2018/1/4,14883
2018/1/5,15881
2018/1/6,16784
2018/1/7,16733
2018/1/8,15476
2018/1/9,15041
2018/1/10,14328
2018/1/11,13863
2018/1/12,13850
2018/1/13,14363
2018/1/14,13821
2018/1/15,13932
2018/1/16,12255
2018/1/17,10747
2018/1/18,11561
2018/1/19,11560
2018/1/20,12544
2018/1/21,11984
2018/1/22,11217
2018/1/23,10800
2018/1/24,11094
2018/1/25,11384
2018/1/26,11085
2018/1/27,11294
2018/1/28,11710
2018/1/29,11372
2018/1/30,10781
2018/1/31,10154
2018/2/1,9755
2018/2/2,8748
2018/2/3,9091
2018/2/4,8826
2018/2/5,7704
2018/2/6,6852
2018/2/7,7933
2018/2/8,8256
2018/2/9,8300
2018/2/10,8691
2018/2/11,8234
2018/2/12,8662
2018/2/13,8657
2018/2/14,9055
2018/2/15,9838
2018/2/16,10058
2018/2/17,10713
2018/2/18,10772
2018/2/19,10902
2018/2/20,11551
2018/2/21,10851
2018/2/22,10325
2018/2/23,10046
2018/2/24,9975
2018/2/25,9649
2018/2/26,9939
2018/2/27,10575
2018/2/28,10607
2018/3/1,10666
2018/3/2,11002
2018/3/3,11365
2018/3/4,11271
2018/3/5,11537
2018/3/6,11051
2018/3/7,10428
2018/3/8,9724
2018/3/9,8927
2018/3/10,9252
2018/3/11,9065
2018/3/12,9457
2018/3/13,9170
2018/3/14,8789
2018/3/15,8124
2018/3/16,8327
2018/3/17,8099
2018/3/18,7696
2018/3/19,8360
2018/3/20,8641
2018/3/21,9002
2018/3/22,8809
2018/3/23,8549
2018/3/24,8881
2018/3/25,8559
2018/3/26,8236
2018/3/27,7983
2018/3/28,7940
2018/3/29,7548
2018/3/30,6908
2018/3/31,7025
2018/4/1,6826
2018/4/2,7004
2018/4/3,7345
2018/4/4,7107
2018/4/5,6780
2018/4/6,6673
2018/4/7,6916
2018/4/8,7020
2018/4/9,6918
2018/4/10,6805
2018/4/11,6912
2018/4/12,7355
2018/4/13,8008
2018/4/14,8025
2018/4/15,8241
2018/4/16,8104
2018/4/17,8075
2018/4/18,8085
2018/4/19,8242
2018/4/20,8464
2018/4/21,8820
2018/4/22,8913
2018/4/23,8925
2018/4/24,9325
2018/4/25,9231
2018/4/26,8894
2018/4/27,9228
2018/4/28,9249
2018/4/29,9365
2018/4/30,9304
2018/5/1,9004
2018/5/2,9128
2018/5/3,9387
2018/5/4,9670
2018/5/5,9844
2018/5/6,9658
2018/5/7,9367
2018/5/8,9282
2018/5/9,9210
2018/5/10,9288
2018/5/11,8725
2018/5/12,8438
2018/5/13,8566
2018/5/14,8595
2018/5/15,8652
2018/5/16,8291
2018/5/17,8297
2018/5/18,8115
2018/5/19,8266
2018/5/20,8378
2018/5/21,8476
2018/5/22,8261
2018/5/23,7816
2018/5/24,7551
2018/5/25,7507
2018/5/26,7517
2018/5/27,7346
2018/5/28,7274
2018/5/29,7311
2018/5/30,7454
2018/5/31,7517
2018/6/1,7501
2018/6/2,7615
2018/6/3,7706
2018/6/4,7594
2018/6/5,7513
2018/6/6,7619
2018/6/7,7708
2018/6/8,7650
2018/6/9,7653
2018/6/10,7150
2018/6/11,6767
2018/6/12,6775
2018/6/13,6459
2018/6/14,6515
2018/6/15,6567
2018/6/16,6482
2018/6/17,6534
2018/6/18,6543
2018/6/19,6737
2018/6/20,6698
2018/6/21,6755
2018/6/22,6382
2018/6/23,6146
2018/6/24,6044
2018/6/25,6225
2018/6/26,6233
2018/6/27,6128
2018/6/28,6120
2018/6/29,5935
2018/6/30,6382
2018/7/1,6388
2018/7/2,6479
2018/7/3,6614
2018/7/4,6592
2018/7/5,6602
2018/7/6,6569
2018/7/7,6611
2018/7/8,6759
2018/7/9,6739
2018/7/10,6516
2018/7/11,6400
2018/7/12,6252
2018/7/13,6256
2018/7/14,6253
2018/7/15,6342
2018/7/16,6537
2018/7/17,6889
2018/7/18,7413
2018/7/19,7399
2018/7/20,7430
2018/7/21,7353
2018/7/22,7455
2018/7/23,7681
2018/7/24,8068
2018/7/25,8254
2018/7/26,8199
2018/7/27,8021
2018/7/28,8180
2018/7/29,8206
2018/7/30,8142
2018/7/31,7929
2018/8/1,7580
2018/8/2,7598
2018/8/3,7403
2018/8/4,7260
2018/8/5,7009
2018/8/6,7006
2018/8/7,7000
2018/8/8,6454
2018/8/9,6398
2018/8/10,6414
2018/8/11,6195
2018/8/12,6316
2018/8/13,6356
2018/8/14,6064
2018/8/15,6377
2018/8/16,6351
2018/8/17,6474
2018/8/18,6459
2018/8/19,6412
2018/8/20,6462
2018/8/21,6411
2018/8/22,6592
2018/8/23,6445
2018/8/24,6566
2018/8/25,6731
2018/8/26,6691
2018/8/27,6733
2018/8/28,6997
2018/8/29,7067
2018/8/30,6947
2018/8/31,6994
2018/9/1,7114
2018/9/2,7249
2018/9/3,7269
2018/9/4,7332
2018/9/5,7145
2018/9/6,6442
2018/9/7,6463
2018/9/8,6380
2018/9/9,6308
2018/9/10,6307
2018/9/11,6312
2018/9/12,6287
2018/9/13,6450
2018/9/14,6507
2018/9/15,6523
2018/9/16,6491
2018/9/17,6408
2018/9/18,6307
2018/9/19,6352
2018/9/20,6423
2018/9/21,6667
2018/9/22,6714
2018/9/23,6712
2018/9/24,6645
2018/9/25,6424
2018/9/26,6470
2018/9/27,6528
2018/9/28,6683
2018/9/29,6568
2018/9/30,6610
2018/10/1,6610
2018/10/2,6579
2018/10/3,6484
2018/10/4,6583
2018/10/5,6584
2018/10/6,6598
2018/10/7,6580
2018/10/8,6630
2018/10/9,6639
2018/10/10,6581
2018/10/11,6284
2018/10/12,6278
2018/10/13,6288
2018/10/14,6335
2018/10/15,6614
2018/10/16,6642
2018/10/17,6609
2018/10/18,6595
2018/10/19,6514
2018/10/20,6526
2018/10/21,6574
2018/10/22,6537
2018/10/23,6511
2018/10/24,6530
2018/10/25,6502
2018/10/26,6493
2018/10/27,6491
2018/10/28,6483
2018/10/29,6406
2018/10/30,6331
2018/10/31,6330
2018/11/1,6361
2018/11/2,6410
2018/11/3,6385
2018/11/4,6414
2018/11/5,6451
2018/11/6,6454
2018/11/7,6547
2018/11/8,6503
2018/11/9,6429
2018/11/10,6424
2018/11/11,6411
2018/11/12,6426
2018/11/13,6405
2018/11/14,6158
2018/11/15,5605
2018/11/16,5612
2018/11/17,5571
2018/11/18,5633
2018/11/19,5285
2018/11/20,4632
2018/11/21,4528
2018/11/22,4541
2018/11/23,4325
2018/11/24,4310
2018/11/25,3850
2018/11/26,3933
2018/11/27,3776
2018/11/28,4118
2018/11/29,4271
2018/11/30,4129
2018/12/1,4140
2018/12/2,4192
2018/12/3,4004
2018/12/4,3981
2018/12/5,3900
2018/12/6,3756
2018/12/7,3415
2018/12/8,3449
2018/12/9,3561
2018/12/10,3554
2018/12/11,3459
2018/12/12,3483
2018/12/13,3433
2018/12/14,3302
2018/12/15,3256
2018/12/16,3298
2018/12/17,3417
2018/12/18,3575
2018/12/19,3813
2018/12/20,3984
2018/12/21,4034
2018/12/22,3919
2018/12/23,4039
2018/12/24,4175
2018/12/25,3829
2018/12/26,3833
2018/12/27,3766
2018/12/28,3746
2018/12/29,3915
2018/12/30,3835
2018/12/31,3804
2019/1/1,3744
2019/1/2,3865
2019/1/3,3874
2019/1/4,3821
2019/1/5,3861
2019/1/6,3925
2019/1/7,4052
2019/1/8,4031
2019/1/9,4036
2019/1/10,3825
2019/1/11,3662
2019/1/12,3648
2019/1/13,3600
2019/1/14,3604
2019/1/15,3661
2019/1/16,3626
2019/1/17,3623
2019/1/18,3637
2019/1/19,3689
2019/1/20,3638
2019/1/21,3558
2019/1/22,3573
2019/1/23,3592
2019/1/24,3576
2019/1/25,3580
2019/1/26,3601
2019/1/27,3578
2019/1/28,3474
2019/1/29,3432
2019/1/30,3464
2019/1/31,3459
2019/2/1,3455
2019/2/2,3459
2019/2/3,3454
2019/2/4,3442
2019/2/5,3446
2019/2/6,3400
2019/2/7,3392
2019/2/8,3481
2019/2/9,3650
2019/2/10,3645
2019/2/11,3637
2019/2/12,3611
2019/2/13,3617
2019/2/14,3601
2019/2/15,3601
2019/2/16,3617
2019/2/17,3620
2019/2/18,3796
2019/2/19,3935
2019/2/20,3943
2019/2/21,3942
2019/2/22,3958
2019/2/23,4006
2019/2/24,4020
2019/2/25,3822
2019/2/26,3823
2019/2/27,3819
2019/2/28,3833
2019/3/1,3837
2019/3/2,3826
2019/3/3,3819
2019/3/4,3746
2019/3/5,3786
2019/3/6,3857
2019/3/7,3884
2019/3/8,3896
2019/3/9,3915
2019/3/10,3916
2019/3/11,3889
2019/3/12,3871
2019/3/13,3871
2019/3/14,3874
2019/3/15,3904
2019/3/16,4006
2019/3/17,3988
2019/3/18,3993
2019/3/19,4003
2019/3/20,4021
2019/3/21,4026
2019/3/22,3999
2019/3/23,4000
2019/3/24,3989
2019/3/25,3974
2019/3/26,3933
2019/3/27,4014
2019/3/28,4032
2019/3/29,4080
2019/3/30,4103
2019/3/31,4103
2019/4/1,4138
2019/4/2,4646
2019/4/3,5028
2019/4/4,4974
2019/4/5,4985
2019/4/6,5048
2019/4/7,5137
2019/4/8,5224
2019/4/9,5200
2019/4/10,5262
2019/4/11,5125
2019/4/12,5043
2019/4/13,5086
2019/4/14,5080
2019/4/15,5125
2019/4/16,5105
2019/4/17,5220
2019/4/18,5265
2019/4/19,5260
2019/4/20,5310
2019/4/21,5281
2019/4/22,5310
2019/4/23,5530
2019/4/24,5487
2019/4/25,5431
2019/4/26,5250
2019/4/27,5252
2019/4/28,5260
2019/4/29,5240
2019/4/30,5265
2019/5/1,5354
2019/5/2,5432
2019/5/3,5704
2019/5/4,5750
2019/5/5,5778
2019/5/6,5712
2019/5/7,5921
2019/5/8,5901
2019/5/9,6085
2019/5/10,6318
2019/5/11,6807
2019/5/12,7158
2019/5/13,7400
2019/5/14,7988
2019/5/15,8047
2019/5/16,7992
2019/5/17,7287
2019/5/18,7328
2019/5/19,7912
2019/5/20,7900
2019/5/21,7938
2019/5/22,7884
2019/5/23,7701
2019/5/24,7975
2019/5/25,8023
2019/5/26,8103
2019/5/27,8767
2019/5/28,8720
2019/5/29,8648
2019/5/30,8636
2019/5/31,8356
2019/6/1,8541
2019/6/2,8662
2019/6/3,8537
2019/6/4,7868
2019/6/5,7778
2019/6/6,7756
2019/6/7,7934
2019/6/8,7938
2019/6/9,7796
2019/6/10,7810
2019/6/11,7884
2019/6/12,8018
2019/6/13,8153
2019/6/14,8337
2019/6/15,8713
2019/6/16,9081
2019/6/17,9225
2019/6/18,9161
2019/6/19,9150
2019/6/20,9339
2019/6/21,9796
2019/6/22,10733
2019/6/23,10780
2019/6/24,10865
2019/6/25,11320
2019/6/26,12668
2019/6/27,11826
2019/6/28,11702
2019/6/29,11867
2019/6/30,11569
2019/7/1,10709
2019/7/2,10323
2019/7/3,11337
2019/7/4,11752
2019/7/5,11141
2019/7/6,11383
2019/7/7,11297
2019/7/8,11763
2019/7/9,12497
2019/7/10,12645
2019/7/11,11589
2019/7/12,11583
2019/7/13,11424
2019/7/14,10868
2019/7/15,10433
2019/7/16,10364
2019/7/17,9580
2019/7/18,10053
2019/7/19,10469
2019/7/20,10672
2019/7/21,10579
2019/7/22,10458
2019/7/23,10082
2019/7/24,9714
2019/7/25,10028
2019/7/26,9782
2019/7/27,9734
2019/7/28,9499
2019/7/29,9556
2019/7/30,9547
2019/7/31,9850
2019/8/1,10083
2019/8/2,10482
2019/8/3,10790
2019/8/4,10814
2019/8/5,11680
2019/8/6,11772
2019/8/7,11726
2019/8/8,11811
2019/8/9,11837
2019/8/10,11602
2019/8/11,11403
2019/8/12,11404
2019/8/13,11161
2019/8/14,10494
2019/8/15,10035
2019/8/16,10245
2019/8/17,10309
2019/8/18,10295
2019/8/19,10614
2019/8/20,10758
2019/8/21,10219
2019/8/22,10058
2019/8/23,10266
2019/8/24,10156
2019/8/25,10104
2019/8/26,10349
2019/8/27,10191
2019/8/28,10085
2019/8/29,9533
2019/8/30,9556
2019/8/31,9608
2019/9/1,9636
2019/9/2,9934
2019/9/3,10517
2019/9/4,10566
2019/9/5,10575
2019/9/6,10655
2019/9/7,10426
2019/9/8,10467
2019/9/9,10319
2019/9/10,10243
2019/9/11,10082
2019/9/12,10237
2019/9/13,10328
2019/9/14,10351
2019/9/15,10334
2019/9/16,10287
2019/9/17,10237
2019/9/18,10211
2019/9/19,10007
2019/9/20,10192
2019/9/21,10058
2019/9/22,10005
2019/9/23,9909
2019/9/24,9469
2019/9/25,8465
2019/9/26,8260
2019/9/27,8054
2019/9/28,8171
2019/9/29,8092
2019/9/30,8081
2019/10/1,8365
2019/10/2,8265
2019/10/3,8255
2019/10/4,8173
2019/10/5,8129
2019/10/6,8016
2019/10/7,8068
2019/10/8,8214
2019/10/9,8339
2019/10/10,8556
2019/10/11,8404
2019/10/12,8340
2019/10/13,8364
2019/10/14,8319
2019/10/15,8274
2019/10/16,8081
2019/10/17,8057
2019/10/18,7980
2019/10/19,7979
2019/10/20,8030
2019/10/21,8235
2019/10/22,8209
2019/10/23,7748
2019/10/24,7456
2019/10/25,7873
2019/10/26,9321
2019/10/27,9407
2019/10/28,9466
2019/10/29,9388
2019/10/30,9218
2019/10/31,9196
2019/11/1,9176
2019/11/2,9292
2019/11/3,9245
2019/11/4,9285
2019/11/5,9357
2019/11/6,9362
2019/11/7,9274
2019/11/8,9015
2019/11/9,8833
2019/11/10,8922
2019/11/11,8830
2019/11/12,8776
2019/11/13,8797
2019/11/14,8728
2019/11/15,8601
2019/11/16,8524
2019/11/17,8584
2019/11/18,8460
2019/11/19,8204
2019/11/20,8176
2019/11/21,7924
2019/11/22,7367
2019/11/23,7255
2019/11/24,7209
2019/11/25,6978
2019/11/26,7165
2019/11/27,7269
2019/11/28,7555
2019/11/29,7595
2019/11/30,7673
2019/12/1,7360
2019/12/2,7315
2019/12/3,7319
2019/12/4,7314
2019/12/5,7351
2019/12/6,7436
2019/12/7,7556
2019/12/8,7549
2019/12/9,7492
2019/12/10,7340
2019/12/11,7266
2019/12/12,7217
2019/12/13,7258
2019/12/14,7204
2019/12/15,7128
2019/12/16,7085
2019/12/17,6854
2019/12/18,6799
2019/12/19,7178
2019/12/20,7211
2019/12/21,7208
2019/12/22,7276
2019/12/23,7529
2019/12/24,7362
2019/12/25,7283
2019/12/26,7278
2019/12/27,7263
2019/12/28,7361
2019/12/29,7469
2019/12/30,7388
2019/12/31,7293
2020/1/1,7238
2020/1/2,7127
2020/1/3,7250
2020/1/4,7390
2020/1/5,7503
2020/1/6,7588
2020/1/7,7953
2020/1/8,8273
2020/1/9,7943
2020/1/10,7933
2020/1/11,8120
2020/1/12,8146
2020/1/13,8151
2020/1/14,8605
2020/1/15,8778
2020/1/16,8693
2020/1/17,8869
2020/1/18,8907
2020/1/19,8859
2020/1/20,8670
2020/1/21,8672
2020/1/22,8693
2020/1/23,8469
2020/1/24,8410
2020/1/25,8349
2020/1/26,8466
2020/1/27,8744
2020/1/28,9049
2020/1/29,9349
2020/1/30,9394
2020/1/31,9366
2020/2/1,9393
2020/2/2,9398
2020/2/3,9356
2020/2/4,9233
2020/2/5,9421
2020/2/6,9706
2020/2/7,9798
2020/2/8,9823
2020/2/9,10083
2020/2/10,9932
2020/2/11,9968
2020/2/12,10331
2020/2/13,10289
2020/2/14,10272
2020/2/15,10152
2020/2/16,9916
2020/2/17,9723
2020/2/18,9840
2020/2/19,10091
2020/2/20,9612
2020/2/21,9688
2020/2/22,9666
2020/2/23,9850
2020/2/24,9755
2020/2/25,9520
2020/2/26,9065
2020/2/27,8803
2020/2/28,8706
2020/2/29,8690
2020/3/1,8572
2020/3/2,8754
2020/3/3,8791
2020/3/4,8767
2020/3/5,9024
2020/3/6,9099
2020/3/7,9050
2020/3/8,8589
2020/3/9,7886
2020/3/10,7957
2020/3/11,7856
2020/3/12,6696
2020/3/13,5278
2020/3/14,5401
2020/3/15,5316
2020/3/16,5005
2020/3/17,5179
2020/3/18,5182
2020/3/19,5668
2020/3/20,6288
2020/3/21,6167
2020/3/22,6134
2020/3/23,6097
2020/3/24,6629
2020/3/25,6658
2020/3/26,6666
2020/3/27,6685
2020/3/28,6228
2020/3/29,6124
2020/3/30,6266
2020/3/31,6451
2020/4/1,6314
2020/4/2,6722
2020/4/3,6822
2020/4/4,6773
2020/4/5,6799
2020/4/6,7082
2020/4/7,7310
2020/4/8,7280
2020/4/9,7286
2020/4/10,6980
2020/4/11,6846
2020/4/12,6946
2020/4/13,6745
2020/4/14,6874
2020/4/15,6793
2020/4/16,6893
2020/4/17,7074
2020/4/18,7129
2020/4/19,7157
2020/4/20,7047
2020/4/21,6863
2020/4/22,6986
2020/4/23,7272
2020/4/24,7519
2020/4/25,7541
2020/4/26,7583
2020/4/27,7677
