date,bitcoin,isPartial
2011-01-01,0,False
2011-01-02,0,False
2011-01-03,2,False
2011-01-04,0,False
2011-01-05,0,False
2011-01-06,1,False
2011-01-07,0,False
2011-01-08,0,False
2011-01-09,0,False
2011-01-10,2,False
2011-01-11,0,False
2011-01-12,0,False
2011-01-13,1,False
2011-01-14,0,False
2011-01-15,2,False
2011-01-16,2,False
2011-01-17,0,False
2011-01-18,1,False
2011-01-19,1,False
2011-01-20,1,False
2011-01-21,1,False
2011-01-22,0,False
2011-01-23,2,False
2011-01-24,1,False
2011-01-25,0,False
2011-01-26,1,False
2011-01-27,0,False
2011-01-28,1,False
2011-01-29,0,False
2011-01-30,0,False
2011-01-31,1,False
2011-02-01,0,False
2011-02-02,0,False
2011-02-03,0,False
2011-02-04,1,False
2011-02-05,3,False
2011-02-06,1,False
2011-02-07,0,False
2011-02-08,1,False
2011-02-09,2,False
2011-02-10,8,False
2011-02-11,8,False
2011-02-12,3,False
2011-02-13,8,False
2011-02-14,2,False
2011-02-15,3,False
2011-02-16,2,False
2011-02-17,5,False
2011-02-18,4,False
2011-02-19,3,False
2011-02-20,4,False
2011-02-21,2,False
2011-02-22,3,False
2011-02-23,2,False
2011-02-24,2,False
2011-02-25,5,False
2011-02-26,4,False
2011-02-27,1,False
2011-02-28,4,False
2011-03-01,3,False
2011-03-02,3,False
2011-03-03,3,False
2011-03-04,2,False
2011-03-05,4,False
2011-03-06,4,False
2011-03-07,6,False
2011-03-08,4,False
2011-03-09,2,False
2011-03-10,4,False
2011-03-11,2,False
2011-03-12,5,False
2011-03-13,2,False
2011-03-14,3,False
2011-03-15,1,False
2011-03-16,1,False
2011-03-17,2,False
2011-03-18,2,False
2011-03-19,2,False
2011-03-20,0,False
2011-03-21,6,False
2011-03-22,2,False
2011-03-23,7,False
2011-03-24,3,False
2011-03-25,4,False
2011-03-26,3,False
2011-03-27,6,False
2011-03-28,5,False
2011-03-29,3,False
2011-03-30,4,False
2011-03-31,2,False
2011-04-01,5,False
2011-04-02,0,False
2011-04-03,1,False
2011-04-04,4,False
2011-04-05,5,False
2011-04-06,3,False
2011-04-07,3,False
2011-04-08,1,False
2011-04-09,3,False
2011-04-10,5,False
2011-04-11,4,False
2011-04-12,2,False
2011-04-13,2,False
2011-04-14,2,False
2011-04-15,2,False
2011-04-16,5,False
2011-04-17,7,False
2011-04-18,10,False
2011-04-19,3,False
2011-04-20,2,False
2011-04-21,4,False
2011-04-22,5,False
2011-04-23,5,False
2011-04-24,6,False
2011-04-25,7,False
2011-04-26,6,False
2011-04-27,7,False
2011-04-28,7,False
2011-04-29,9,False
2011-04-30,8,False
2011-05-01,12,False
2011-05-02,4,False
2011-05-03,7,False
2011-05-04,9,False
2011-05-05,3,False
2011-05-06,5,False
2011-05-07,8,False
2011-05-08,10,False
2011-05-09,10,False
2011-05-10,6,False
2011-05-11,10,False
2011-05-12,11,False
2011-05-13,7,False
2011-05-14,7,False
2011-05-15,10,False
2011-05-16,52,False
2011-05-17,34,False
2011-05-18,24,False
2011-05-19,49,False
2011-05-20,38,False
2011-05-21,29,False
2011-05-22,28,False
2011-05-23,18,False
2011-05-24,29,False
2011-05-25,44,False
2011-05-26,32,False
2011-05-27,24,False
2011-05-28,13,False
2011-05-29,30,False
2011-05-30,26,False
2011-05-31,24,False
2011-06-01,33,False
2011-06-02,61,False
2011-06-03,65,False
2011-06-04,46,False
2011-06-05,55,False
2011-06-06,49,False
2011-06-07,40,False
2011-06-08,69,False
2011-06-09,74,False
2011-06-10,64,False
2011-06-11,96,False
2011-06-12,100,False
2011-06-13,64,False
2011-06-14,60,False
2011-06-15,94,False
2011-06-16,73,False
2011-06-17,83,False
2011-06-18,63,False
2011-06-19,75,False
2011-06-20,82,False
2011-06-21,65,False
2011-06-22,58,False
2011-06-23,39,False
2011-06-24,39,False
2011-06-25,36,False
2011-06-26,40,False
2011-06-27,37,False
2011-06-28,23,False
2011-06-29,37,False
2011-06-30,26,False
2011-07-01,68,False
2011-07-02,80,False
2011-07-03,58,False
2011-07-04,91,False
2011-07-05,61,False
2011-07-06,63,False
2011-07-07,94,False
2011-07-08,69,False
2011-07-09,58,False
2011-07-10,56,False
2011-07-11,69,False
2011-07-12,53,False
2011-07-13,71,False
2011-07-14,97,False
2011-07-15,57,False
2011-07-16,69,False
2011-07-17,76,False
2011-07-18,77,False
2011-07-19,62,False
2011-07-20,80,False
2011-07-21,72,False
2011-07-22,59,False
2011-07-23,52,False
2011-07-24,51,False
2011-07-25,50,False
2011-07-26,62,False
2011-07-27,62,False
2011-07-28,61,False
2011-07-29,62,False
2011-07-30,68,False
2011-07-31,56,False
2011-08-01,37,False
2011-08-02,62,False
2011-08-03,51,False
2011-08-04,55,False
2011-08-05,41,False
2011-08-06,100,False
2011-08-07,77,False
2011-08-08,41,False
2011-08-09,59,False
2011-08-10,60,False
2011-08-11,41,False
2011-08-12,42,False
2011-08-13,50,False
2011-08-14,54,False
2011-08-15,43,False
2011-08-16,37,False
2011-08-17,52,False
2011-08-18,44,False
2011-08-19,57,False
2011-08-20,48,False
2011-08-21,76,False
2011-08-22,68,False
2011-08-23,37,False
2011-08-24,93,False
2011-08-25,59,False
2011-08-26,74,False
2011-08-27,49,False
2011-08-28,43,False
2011-08-29,50,False
2011-08-30,49,False
2011-08-31,62,False
2011-09-01,34,False
2011-09-02,45,False
2011-09-03,29,False
2011-09-04,41,False
2011-09-05,28,False
2011-09-06,31,False
2011-09-07,54,False
2011-09-08,40,False
2011-09-09,60,False
2011-09-10,47,False
2011-09-11,54,False
2011-09-12,55,False
2011-09-13,39,False
2011-09-14,30,False
2011-09-15,25,False
2011-09-16,34,False
2011-09-17,47,False
2011-09-18,33,False
2011-09-19,29,False
2011-09-20,36,False
2011-09-21,23,False
2011-09-22,33,False
2011-09-23,30,False
2011-09-24,31,False
2011-09-25,34,False
2011-09-26,36,False
2011-09-27,27,False
2011-09-28,36,False
2011-09-29,31,False
2011-09-30,33,False
2011-10-01,19,False
2011-10-02,28,False
2011-10-03,30,False
2011-10-04,27,False
2011-10-05,36,False
2011-10-06,38,False
2011-10-07,40,False
2011-10-08,47,False
2011-10-09,39,False
2011-10-10,32,False
2011-10-11,38,False
2011-10-12,30,False
2011-10-13,41,False
2011-10-14,27,False
2011-10-15,18,False
2011-10-16,29,False
2011-10-17,43,False
2011-10-18,46,False
2011-10-19,41,False
2011-10-20,36,False
2011-10-21,29,False
2011-10-22,19,False
2011-10-23,31,False
2011-10-24,27,False
2011-10-25,27,False
2011-10-26,14,False
2011-10-27,25,False
2011-10-28,16,False
2011-10-29,16,False
2011-10-30,22,False
2011-10-31,32,False
2011-11-01,54,False
2011-11-02,44,False
2011-11-03,21,False
2011-11-04,26,False
2011-11-05,20,False
2011-11-06,17,False
2011-11-07,24,False
2011-11-08,16,False
2011-11-09,17,False
2011-11-10,17,False
2011-11-11,18,False
2011-11-12,25,False
2011-11-13,14,False
2011-11-14,21,False
2011-11-15,27,False
2011-11-16,12,False
2011-11-17,28,False
2011-11-18,17,False
2011-11-19,19,False
2011-11-20,12,False
2011-11-21,22,False
2011-11-22,22,False
2011-11-23,30,False
2011-11-24,16,False
2011-11-25,15,False
2011-11-26,21,False
2011-11-27,24,False
2011-11-28,28,False
2011-11-29,33,False
2011-11-30,23,False
2011-12-01,19,False
2011-12-02,18,False
2011-12-03,31,False
2011-12-04,22,False
2011-12-05,27,False
2011-12-06,9,False
2011-12-07,19,False
2011-12-08,18,False
2011-12-09,18,False
2011-12-10,17,False
2011-12-11,7,False
2011-12-12,16,False
2011-12-13,13,False
2011-12-14,15,False
2011-12-15,16,False
2011-12-16,19,False
2011-12-17,17,False
2011-12-18,14,False
2011-12-19,17,False
2011-12-20,28,False
2011-12-21,30,False
2011-12-22,29,False
2011-12-23,30,False
2011-12-24,32,False
2011-12-25,23,False
2011-12-26,19,False
2011-12-27,12,False
2011-12-28,22,False
2011-12-29,9,False
2011-12-30,27,False
2011-12-31,22,False
2012-01-01,9,False
2012-01-02,13,False
2012-01-03,13,False
2012-01-04,16,False
2012-01-05,15,False
2012-01-06,21,False
2012-01-07,10,False
2012-01-08,15,False
2012-01-09,10,False
2012-01-10,20,False
2012-01-11,15,False
2012-01-12,19,False
2012-01-13,6,False
2012-01-14,12,False
2012-01-15,11,False
2012-01-16,100,False
2012-01-17,50,False
2012-01-18,29,False
2012-01-19,26,False
2012-01-20,16,False
2012-01-21,19,False
2012-01-22,14,False
2012-01-23,13,False
2012-01-24,17,False
2012-01-25,19,False
2012-01-26,11,False
2012-01-27,12,False
2012-01-28,11,False
2012-01-29,12,False
2012-01-30,16,False
2012-01-31,11,False
2012-02-01,11,False
2012-02-02,18,False
2012-02-03,17,False
2012-02-04,17,False
2012-02-05,15,False
2012-02-06,11,False
2012-02-07,13,False
2012-02-08,14,False
2012-02-09,16,False
2012-02-10,16,False
2012-02-11,15,False
2012-02-12,11,False
2012-02-13,13,False
2012-02-14,13,False
2012-02-15,20,False
2012-02-16,16,False
2012-02-17,12,False
2012-02-18,10,False
2012-02-19,14,False
2012-02-20,12,False
2012-02-21,11,False
2012-02-22,12,False
2012-02-23,18,False
2012-02-24,17,False
2012-02-25,18,False
2012-02-26,10,False
2012-02-27,14,False
2012-02-28,13,False
2012-02-29,19,False
2012-03-01,11,False
2012-03-02,20,False
2012-03-03,17,False
2012-03-04,10,False
2012-03-05,16,False
2012-03-06,11,False
2012-03-07,6,False
2012-03-08,13,False
2012-03-09,12,False
2012-03-10,9,False
2012-03-11,10,False
2012-03-12,15,False
2012-03-13,10,False
2012-03-14,11,False
2012-03-15,11,False
2012-03-16,11,False
2012-03-17,8,False
2012-03-18,14,False
2012-03-19,16,False
2012-03-20,17,False
2012-03-21,8,False
2012-03-22,10,False
2012-03-23,15,False
2012-03-24,12,False
2012-03-25,10,False
2012-03-26,11,False
2012-03-27,8,False
2012-03-28,12,False
2012-03-29,6,False
2012-03-30,12,False
2012-03-31,10,False
2012-04-01,15,False
2012-04-02,18,False
2012-04-03,22,False
2012-04-04,18,False
2012-04-05,16,False
2012-04-06,13,False
2012-04-07,19,False
2012-04-08,14,False
2012-04-09,6,False
2012-04-10,10,False
2012-04-11,13,False
2012-04-12,16,False
2012-04-13,10,False
2012-04-14,12,False
2012-04-15,10,False
2012-04-16,9,False
2012-04-17,12,False
2012-04-18,10,False
2012-04-19,13,False
2012-04-20,9,False
2012-04-21,17,False
2012-04-22,12,False
2012-04-23,13,False
2012-04-24,14,False
2012-04-25,9,False
2012-04-26,21,False
2012-04-27,22,False
2012-04-28,16,False
2012-04-29,19,False
2012-04-30,14,False
2012-05-01,12,False
2012-05-02,11,False
2012-05-03,14,False
2012-05-04,9,False
2012-05-05,7,False
2012-05-06,8,False
2012-05-07,14,False
2012-05-08,8,False
2012-05-09,7,False
2012-05-10,14,False
2012-05-11,18,False
2012-05-12,17,False
2012-05-13,11,False
2012-05-14,13,False
2012-05-15,15,False
2012-05-16,12,False
2012-05-17,8,False
2012-05-18,13,False
2012-05-19,16,False
2012-05-20,18,False
2012-05-21,12,False
2012-05-22,15,False
2012-05-23,14,False
2012-05-24,12,False
2012-05-25,12,False
2012-05-26,12,False
2012-05-27,5,False
2012-05-28,17,False
2012-05-29,10,False
2012-05-30,11,False
2012-05-31,12,False
2012-06-01,15,False
2012-06-02,12,False
2012-06-03,14,False
2012-06-04,7,False
2012-06-05,12,False
2012-06-06,6,False
2012-06-07,13,False
2012-06-08,13,False
2012-06-09,19,False
2012-06-10,9,False
2012-06-11,12,False
2012-06-12,18,False
2012-06-13,21,False
2012-06-14,15,False
2012-06-15,16,False
2012-06-16,13,False
2012-06-17,19,False
2012-06-18,17,False
2012-06-19,19,False
2012-06-20,19,False
2012-06-21,14,False
2012-06-22,10,False
2012-06-23,21,False
2012-06-24,18,False
2012-06-25,8,False
2012-06-26,8,False
2012-06-27,19,False
2012-06-28,10,False
2012-06-29,11,False
2012-06-30,13,False
2012-07-01,19,False
2012-07-02,13,False
2012-07-03,12,False
2012-07-04,22,False
2012-07-05,11,False
2012-07-06,14,False
2012-07-07,14,False
2012-07-08,12,False
2012-07-09,37,False
2012-07-10,15,False
2012-07-11,21,False
2012-07-12,15,False
2012-07-13,22,False
2012-07-14,15,False
2012-07-15,16,False
2012-07-16,18,False
2012-07-17,23,False
2012-07-18,23,False
2012-07-19,23,False
2012-07-20,22,False
2012-07-21,23,False
2012-07-22,20,False
2012-07-23,19,False
2012-07-24,12,False
2012-07-25,16,False
2012-07-26,22,False
2012-07-27,23,False
2012-07-28,13,False
2012-07-29,23,False
2012-07-30,15,False
2012-07-31,13,False
2012-08-01,25,False
2012-08-02,22,False
2012-08-03,18,False
2012-08-04,25,False
2012-08-05,28,False
2012-08-06,17,False
2012-08-07,24,False
2012-08-08,15,False
2012-08-09,22,False
2012-08-10,33,False
2012-08-11,31,False
2012-08-12,23,False
2012-08-13,16,False
2012-08-14,19,False
2012-08-15,23,False
2012-08-16,26,False
2012-08-17,28,False
2012-08-18,29,False
2012-08-19,30,False
2012-08-20,28,False
2012-08-21,33,False
2012-08-22,41,False
2012-08-23,29,False
2012-08-24,26,False
2012-08-25,15,False
2012-08-26,22,False
2012-08-27,13,False
2012-08-28,19,False
2012-08-29,29,False
2012-08-30,13,False
2012-08-31,20,False
2012-09-01,15,False
2012-09-02,12,False
2012-09-03,16,False
2012-09-04,20,False
2012-09-05,100,False
2012-09-06,99,False
2012-09-07,41,False
2012-09-08,48,False
2012-09-09,27,False
2012-09-10,26,False
2012-09-11,25,False
2012-09-12,27,False
2012-09-13,22,False
2012-09-14,25,False
2012-09-15,21,False
2012-09-16,24,False
2012-09-17,23,False
2012-09-18,31,False
2012-09-19,35,False
2012-09-20,19,False
2012-09-21,21,False
2012-09-22,22,False
2012-09-23,16,False
2012-09-24,18,False
2012-09-25,26,False
2012-09-26,30,False
2012-09-27,34,False
2012-09-28,23,False
2012-09-29,24,False
2012-09-30,19,False
2012-10-01,22,False
2012-10-02,19,False
2012-10-03,25,False
2012-10-04,18,False
2012-10-05,17,False
2012-10-06,19,False
2012-10-07,21,False
2012-10-08,13,False
2012-10-09,25,False
2012-10-10,20,False
2012-10-11,23,False
2012-10-12,40,False
2012-10-13,20,False
2012-10-14,20,False
2012-10-15,20,False
2012-10-16,19,False
2012-10-17,11,False
2012-10-18,24,False
2012-10-19,22,False
2012-10-20,21,False
2012-10-21,17,False
2012-10-22,20,False
2012-10-23,25,False
2012-10-24,20,False
2012-10-25,16,False
2012-10-26,14,False
2012-10-27,17,False
2012-10-28,15,False
2012-10-29,21,False
2012-10-30,22,False
2012-10-31,17,False
2012-11-01,12,False
2012-11-02,23,False
2012-11-03,20,False
2012-11-04,19,False
2012-11-05,16,False
2012-11-06,19,False
2012-11-07,10,False
2012-11-08,14,False
2012-11-09,21,False
2012-11-10,14,False
2012-11-11,16,False
2012-11-12,15,False
2012-11-13,15,False
2012-11-14,19,False
2012-11-15,19,False
2012-11-16,35,False
2012-11-17,24,False
2012-11-18,11,False
2012-11-19,19,False
2012-11-20,18,False
2012-11-21,17,False
2012-11-22,19,False
2012-11-23,17,False
2012-11-24,24,False
2012-11-25,20,False
2012-11-26,32,False
2012-11-27,30,False
2012-11-28,38,False
2012-11-29,26,False
2012-11-30,23,False
2012-12-01,16,False
2012-12-02,30,False
2012-12-03,26,False
2012-12-04,25,False
2012-12-05,21,False
2012-12-06,30,False
2012-12-07,24,False
2012-12-08,32,False
2012-12-09,26,False
2012-12-10,27,False
2012-12-11,27,False
2012-12-12,30,False
2012-12-13,31,False
2012-12-14,34,False
2012-12-15,22,False
2012-12-16,24,False
2012-12-17,24,False
2012-12-18,20,False
2012-12-19,22,False
2012-12-20,23,False
2012-12-21,20,False
2012-12-22,13,False
2012-12-23,15,False
2012-12-24,27,False
2012-12-25,23,False
2012-12-26,17,False
2012-12-27,21,False
2012-12-28,18,False
2012-12-29,17,False
2012-12-30,31,False
2012-12-31,22,False
2013-01-01,2,False
2013-01-02,3,False
2013-01-03,2,False
2013-01-04,4,False
2013-01-05,5,False
2013-01-06,5,False
2013-01-07,3,False
2013-01-08,3,False
2013-01-09,3,False
2013-01-10,3,False
2013-01-11,4,False
2013-01-12,3,False
2013-01-13,3,False
2013-01-14,3,False
2013-01-15,2,False
2013-01-16,2,False
2013-01-17,2,False
2013-01-18,2,False
2013-01-19,2,False
2013-01-20,2,False
2013-01-21,3,False
2013-01-22,3,False
2013-01-23,4,False
2013-01-24,5,False
2013-01-25,3,False
2013-01-26,3,False
2013-01-27,2,False
2013-01-28,3,False
2013-01-29,3,False
2013-01-30,3,False
2013-01-31,5,False
2013-02-01,4,False
2013-02-02,6,False
2013-02-03,5,False
2013-02-04,3,False
2013-02-05,5,False
2013-02-06,4,False
2013-02-07,3,False
2013-02-08,4,False
2013-02-09,5,False
2013-02-10,3,False
2013-02-11,3,False
2013-02-12,4,False
2013-02-13,4,False
2013-02-14,6,False
2013-02-15,6,False
2013-02-16,6,False
2013-02-17,5,False
2013-02-18,4,False
2013-02-19,5,False
2013-02-20,6,False
2013-02-21,4,False
2013-02-22,6,False
2013-02-23,5,False
2013-02-24,4,False
2013-02-25,5,False
2013-02-26,5,False
2013-02-27,5,False
2013-02-28,6,False
2013-03-01,6,False
2013-03-02,6,False
2013-03-03,5,False
2013-03-04,4,False
2013-03-05,8,False
2013-03-06,10,False
2013-03-07,9,False
2013-03-08,9,False
2013-03-09,8,False
2013-03-10,7,False
2013-03-11,8,False
2013-03-12,13,False
2013-03-13,8,False
2013-03-14,6,False
2013-03-15,6,False
2013-03-16,7,False
2013-03-17,6,False
2013-03-18,8,False
2013-03-19,12,False
2013-03-20,11,False
2013-03-21,14,False
2013-03-22,18,False
2013-03-23,19,False
2013-03-24,13,False
2013-03-25,15,False
2013-03-26,15,False
2013-03-27,17,False
2013-03-28,26,False
2013-03-29,25,False
2013-03-30,24,False
2013-03-31,20,False
2013-04-01,28,False
2013-04-02,26,False
2013-04-03,51,False
2013-04-04,41,False
2013-04-05,34,False
2013-04-06,27,False
2013-04-07,27,False
2013-04-08,37,False
2013-04-09,51,False
2013-04-10,88,False
2013-04-11,100,False
2013-04-12,93,False
2013-04-13,54,False
2013-04-14,44,False
2013-04-15,43,False
2013-04-16,32,False
2013-04-17,33,False
2013-04-18,34,False
2013-04-19,26,False
2013-04-20,19,False
2013-04-21,17,False
2013-04-22,17,False
2013-04-23,19,False
2013-04-24,17,False
2013-04-25,17,False
2013-04-26,16,False
2013-04-27,18,False
2013-04-28,15,False
2013-04-29,15,False
2013-04-30,15,False
2013-05-01,17,False
2013-05-02,20,False
2013-05-03,22,False
2013-05-04,16,False
2013-05-05,14,False
2013-05-06,17,False
2013-05-07,14,False
2013-05-08,13,False
2013-05-09,13,False
2013-05-10,12,False
2013-05-11,12,False
2013-05-12,12,False
2013-05-13,15,False
2013-05-14,14,False
2013-05-15,17,False
2013-05-16,16,False
2013-05-17,14,False
2013-05-18,15,False
2013-05-19,16,False
2013-05-20,13,False
2013-05-21,14,False
2013-05-22,10,False
2013-05-23,10,False
2013-05-24,11,False
2013-05-25,10,False
2013-05-26,9,False
2013-05-27,9,False
2013-05-28,13,False
2013-05-29,10,False
2013-05-30,13,False
2013-05-31,12,False
2013-06-01,11,False
2013-06-02,11,False
2013-06-03,11,False
2013-06-04,8,False
2013-06-05,9,False
2013-06-06,9,False
2013-06-07,9,False
2013-06-08,8,False
2013-06-09,8,False
2013-06-10,10,False
2013-06-11,12,False
2013-06-12,10,False
2013-06-13,7,False
2013-06-14,7,False
2013-06-15,8,False
2013-06-16,8,False
2013-06-17,8,False
2013-06-18,9,False
2013-06-19,8,False
2013-06-20,9,False
2013-06-21,8,False
2013-06-22,8,False
2013-06-23,8,False
2013-06-24,9,False
2013-06-25,8,False
2013-06-26,8,False
2013-06-27,9,False
2013-06-28,8,False
2013-06-29,9,False
2013-06-30,10,False
2013-07-01,10,False
2013-07-02,20,False
2013-07-03,12,False
2013-07-04,10,False
2013-07-05,9,False
2013-07-06,7,False
2013-07-07,7,False
2013-07-08,9,False
2013-07-09,8,False
2013-07-10,8,False
2013-07-11,7,False
2013-07-12,7,False
2013-07-13,7,False
2013-07-14,5,False
2013-07-15,7,False
2013-07-16,6,False
2013-07-17,6,False
2013-07-18,7,False
2013-07-19,6,False
2013-07-20,5,False
2013-07-21,6,False
2013-07-22,8,False
2013-07-23,9,False
2013-07-24,10,False
2013-07-25,7,False
2013-07-26,6,False
2013-07-27,6,False
2013-07-28,6,False
2013-07-29,8,False
2013-07-30,8,False
2013-07-31,8,False
2013-08-01,7,False
2013-08-02,5,False
2013-08-03,6,False
2013-08-04,7,False
2013-08-05,7,False
2013-08-06,6,False
2013-08-07,7,False
2013-08-08,8,False
2013-08-09,8,False
2013-08-10,5,False
2013-08-11,7,False
2013-08-12,8,False
2013-08-13,10,False
2013-08-14,12,False
2013-08-15,11,False
2013-08-16,8,False
2013-08-17,6,False
2013-08-18,7,False
2013-08-19,7,False
2013-08-20,7,False
2013-08-21,8,False
2013-08-22,11,False
2013-08-23,8,False
2013-08-24,6,False
2013-08-25,7,False
2013-08-26,5,False
2013-08-27,7,False
2013-08-28,7,False
2013-08-29,6,False
2013-08-30,7,False
2013-08-31,7,False
2013-09-01,5,False
2013-09-02,6,False
2013-09-03,6,False
2013-09-04,6,False
2013-09-05,7,False
2013-09-06,7,False
2013-09-07,8,False
2013-09-08,5,False
2013-09-09,6,False
2013-09-10,5,False
2013-09-11,6,False
2013-09-12,5,False
2013-09-13,6,False
2013-09-14,6,False
2013-09-15,4,False
2013-09-16,5,False
2013-09-17,6,False
2013-09-18,7,False
2013-09-19,7,False
2013-09-20,9,False
2013-09-21,6,False
2013-09-22,6,False
2013-09-23,7,False
2013-09-24,7,False
2013-09-25,7,False
2013-09-26,7,False
2013-09-27,6,False
2013-09-28,6,False
2013-09-29,6,False
2013-09-30,7,False
2013-10-01,5,False
2013-10-02,18,False
2013-10-03,28,False
2013-10-04,20,False
2013-10-05,13,False
2013-10-06,10,False
2013-10-07,11,False
2013-10-08,9,False
2013-10-09,12,False
2013-10-10,10,False
2013-10-11,7,False
2013-10-12,6,False
2013-10-13,6,False
2013-10-14,8,False
2013-10-15,8,False
2013-10-16,9,False
2013-10-17,8,False
2013-10-18,7,False
2013-10-19,9,False
2013-10-20,8,False
2013-10-21,7,False
2013-10-22,10,False
2013-10-23,12,False
2013-10-24,11,False
2013-10-25,10,False
2013-10-26,14,False
2013-10-27,9,False
2013-10-28,10,False
2013-10-29,29,False
2013-10-30,34,False
2013-10-31,24,False
2013-11-01,16,False
2013-11-02,12,False
2013-11-03,12,False
2013-11-04,17,False
2013-11-05,15,False
2013-11-06,20,False
2013-11-07,27,False
2013-11-08,25,False
2013-11-09,26,False
2013-11-10,24,False
2013-11-11,18,False
2013-11-12,20,False
2013-11-13,23,False
2013-11-14,28,False
2013-11-15,27,False
2013-11-16,22,False
2013-11-17,23,False
2013-11-18,68,False
2013-11-19,100,False
2013-11-20,59,False
2013-11-21,43,False
2013-11-22,53,False
2013-11-23,44,False
2013-11-24,34,False
2013-11-25,36,False
2013-11-26,41,False
2013-11-27,79,False
2013-11-28,84,False
2013-11-29,77,False
2013-11-30,68,False
2013-12-01,54,False
2013-12-02,62,False
2013-12-03,62,False
2013-12-04,53,False
2013-12-05,82,False
2013-12-06,81,False
2013-12-07,91,False
2013-12-08,55,False
2013-12-09,51,False
2013-12-10,55,False
2013-12-11,55,False
2013-12-12,49,False
2013-12-13,43,False
2013-12-14,40,False
2013-12-15,38,False
2013-12-16,42,False
2013-12-17,45,False
2013-12-18,87,False
2013-12-19,64,False
2013-12-20,47,False
2013-12-21,40,False
2013-12-22,42,False
2013-12-23,40,False
2013-12-24,37,False
2013-12-25,32,False
2013-12-26,34,False
2013-12-27,35,False
2013-12-28,29,False
2013-12-29,26,False
2013-12-30,29,False
2013-12-31,28,False
2014-01-01,21,False
2014-01-02,27,False
2014-01-03,27,False
2014-01-04,23,False
2014-01-05,26,False
2014-01-06,30,False
2014-01-07,28,False
2014-01-08,30,False
2014-01-09,30,False
2014-01-10,32,False
2014-01-11,26,False
2014-01-12,23,False
2014-01-13,24,False
2014-01-14,22,False
2014-01-15,27,False
2014-01-16,38,False
2014-01-17,40,False
2014-01-18,25,False
2014-01-19,24,False
2014-01-20,27,False
2014-01-21,34,False
2014-01-22,35,False
2014-01-23,33,False
2014-01-24,30,False
2014-01-25,25,False
2014-01-26,24,False
2014-01-27,40,False
2014-01-28,49,False
2014-01-29,36,False
2014-01-30,31,False
2014-01-31,29,False
2014-02-01,23,False
2014-02-02,23,False
2014-02-03,21,False
2014-02-04,22,False
2014-02-05,23,False
2014-02-06,23,False
2014-02-07,43,False
2014-02-08,29,False
2014-02-09,27,False
2014-02-10,42,False
2014-02-11,41,False
2014-02-12,27,False
2014-02-13,28,False
2014-02-14,36,False
2014-02-15,23,False
2014-02-16,24,False
2014-02-17,26,False
2014-02-18,31,False
2014-02-19,30,False
2014-02-20,32,False
2014-02-21,31,False
2014-02-22,23,False
2014-02-23,23,False
2014-02-24,27,False
2014-02-25,100,False
2014-02-26,69,False
2014-02-27,41,False
2014-02-28,62,False
2014-03-01,44,False
2014-03-02,29,False
2014-03-03,30,False
2014-03-04,30,False
2014-03-05,41,False
2014-03-06,65,False
2014-03-07,78,False
2014-03-08,36,False
2014-03-09,26,False
2014-03-10,27,False
2014-03-11,25,False
2014-03-12,23,False
2014-03-13,20,False
2014-03-14,19,False
2014-03-15,16,False
2014-03-16,12,False
2014-03-17,17,False
2014-03-18,19,False
2014-03-19,14,False
2014-03-20,18,False
2014-03-21,24,False
2014-03-22,16,False
2014-03-23,17,False
2014-03-24,16,False
2014-03-25,24,False
2014-03-26,27,False
2014-03-27,22,False
2014-03-28,20,False
2014-03-29,15,False
2014-03-30,18,False
2014-03-31,19,False
2014-04-01,15,False
2014-04-02,18,False
2014-04-03,17,False
2014-04-04,16,False
2014-04-05,13,False
2014-04-06,12,False
2014-04-07,13,False
2014-04-08,13,False
2014-04-09,18,False
2014-04-10,20,False
2014-04-11,19,False
2014-04-12,14,False
2014-04-13,12,False
2014-04-14,13,False
2014-04-15,14,False
2014-04-16,19,False
2014-04-17,15,False
2014-04-18,15,False
2014-04-19,13,False
2014-04-20,11,False
2014-04-21,13,False
2014-04-22,13,False
2014-04-23,13,False
2014-04-24,11,False
2014-04-25,15,False
2014-04-26,11,False
2014-04-27,12,False
2014-04-28,12,False
2014-04-29,13,False
2014-04-30,13,False
2014-05-01,12,False
2014-05-02,12,False
2014-05-03,11,False
2014-05-04,9,False
2014-05-05,13,False
2014-05-06,10,False
2014-05-07,11,False
2014-05-08,12,False
2014-05-09,10,False
2014-05-10,10,False
2014-05-11,10,False
2014-05-12,10,False
2014-05-13,10,False
2014-05-14,11,False
2014-05-15,13,False
2014-05-16,11,False
2014-05-17,10,False
2014-05-18,10,False
2014-05-19,10,False
2014-05-20,13,False
2014-05-21,13,False
2014-05-22,11,False
2014-05-23,15,False
2014-05-24,9,False
2014-05-25,13,False
2014-05-26,12,False
2014-05-27,10,False
2014-05-28,11,False
2014-05-29,14,False
2014-05-30,14,False
2014-05-31,14,False
2014-06-01,12,False
2014-06-02,13,False
2014-06-03,15,False
2014-06-04,13,False
2014-06-05,14,False
2014-06-06,12,False
2014-06-07,10,False
2014-06-08,11,False
2014-06-09,10,False
2014-06-10,11,False
2014-06-11,14,False
2014-06-12,16,False
2014-06-13,18,False
2014-06-14,12,False
2014-06-15,13,False
2014-06-16,13,False
2014-06-17,13,False
2014-06-18,13,False
2014-06-19,13,False
2014-06-20,11,False
2014-06-21,9,False
2014-06-22,11,False
2014-06-23,10,False
2014-06-24,10,False
2014-06-25,9,False
2014-06-26,8,False
2014-06-27,15,False
2014-06-28,11,False
2014-06-29,11,False
2014-06-30,12,False
2014-07-01,27,False
2014-07-02,26,False
2014-07-03,24,False
2014-07-04,19,False
2014-07-05,17,False
2014-07-06,21,False
2014-07-07,24,False
2014-07-08,23,False
2014-07-09,21,False
2014-07-10,26,False
2014-07-11,24,False
2014-07-12,21,False
2014-07-13,17,False
2014-07-14,21,False
2014-07-15,21,False
2014-07-16,25,False
2014-07-17,21,False
2014-07-18,27,False
2014-07-19,24,False
2014-07-20,22,False
2014-07-21,18,False
2014-07-22,25,False
2014-07-23,23,False
2014-07-24,21,False
2014-07-25,19,False
2014-07-26,21,False
2014-07-27,21,False
2014-07-28,22,False
2014-07-29,20,False
2014-07-30,30,False
2014-07-31,20,False
2014-08-01,17,False
2014-08-02,19,False
2014-08-03,21,False
2014-08-04,16,False
2014-08-05,21,False
2014-08-06,18,False
2014-08-07,21,False
2014-08-08,20,False
2014-08-09,15,False
2014-08-10,16,False
2014-08-11,22,False
2014-08-12,24,False
2014-08-13,24,False
2014-08-14,28,False
2014-08-15,25,False
2014-08-16,21,False
2014-08-17,21,False
2014-08-18,26,False
2014-08-19,25,False
2014-08-20,22,False
2014-08-21,21,False
2014-08-22,22,False
2014-08-23,16,False
2014-08-24,21,False
2014-08-25,20,False
2014-08-26,22,False
2014-08-27,14,False
2014-08-28,20,False
2014-08-29,22,False
2014-08-30,17,False
2014-08-31,19,False
2014-09-01,23,False
2014-09-02,24,False
2014-09-03,22,False
2014-09-04,21,False
2014-09-05,19,False
2014-09-06,19,False
2014-09-07,17,False
2014-09-08,18,False
2014-09-09,24,False
2014-09-10,19,False
2014-09-11,24,False
2014-09-12,21,False
2014-09-13,18,False
2014-09-14,13,False
2014-09-15,21,False
2014-09-16,18,False
2014-09-17,19,False
2014-09-18,23,False
2014-09-19,29,False
2014-09-20,22,False
2014-09-21,15,False
2014-09-22,21,False
2014-09-23,24,False
2014-09-24,29,False
2014-09-25,23,False
2014-09-26,20,False
2014-09-27,17,False
2014-09-28,21,False
2014-09-29,24,False
2014-09-30,21,False
2014-10-01,22,False
2014-10-02,21,False
2014-10-03,19,False
2014-10-04,24,False
2014-10-05,23,False
2014-10-06,34,False
2014-10-07,26,False
2014-10-08,24,False
2014-10-09,22,False
2014-10-10,26,False
2014-10-11,23,False
2014-10-12,21,False
2014-10-13,21,False
2014-10-14,24,False
2014-10-15,26,False
2014-10-16,21,False
2014-10-17,23,False
2014-10-18,16,False
2014-10-19,15,False
2014-10-20,17,False
2014-10-21,17,False
2014-10-22,23,False
2014-10-23,21,False
2014-10-24,17,False
2014-10-25,18,False
2014-10-26,21,False
2014-10-27,15,False
2014-10-28,17,False
2014-10-29,20,False
2014-10-30,19,False
2014-10-31,15,False
2014-11-01,18,False
2014-11-02,18,False
2014-11-03,16,False
2014-11-04,18,False
2014-11-05,16,False
2014-11-06,23,False
2014-11-07,22,False
2014-11-08,18,False
2014-11-09,23,False
2014-11-10,24,False
2014-11-11,23,False
2014-11-12,26,False
2014-11-13,31,False
2014-11-14,24,False
2014-11-15,24,False
2014-11-16,20,False
2014-11-17,21,False
2014-11-18,21,False
2014-11-19,24,False
2014-11-20,22,False
2014-11-21,19,False
2014-11-22,17,False
2014-11-23,15,False
2014-11-24,17,False
2014-11-25,16,False
2014-11-26,16,False
2014-11-27,18,False
2014-11-28,23,False
2014-11-29,13,False
2014-11-30,18,False
2014-12-01,16,False
2014-12-02,23,False
2014-12-03,22,False
2014-12-04,20,False
2014-12-05,21,False
2014-12-06,20,False
2014-12-07,25,False
2014-12-08,27,False
2014-12-09,24,False
2014-12-10,24,False
2014-12-11,31,False
2014-12-12,25,False
2014-12-13,18,False
2014-12-14,19,False
2014-12-15,21,False
2014-12-16,24,False
2014-12-17,21,False
2014-12-18,21,False
2014-12-19,22,False
2014-12-20,14,False
2014-12-21,20,False
2014-12-22,21,False
2014-12-23,22,False
2014-12-24,21,False
2014-12-25,24,False
2014-12-26,28,False
2014-12-27,100,False
2014-12-28,22,False
2014-12-29,17,False
2014-12-30,22,False
2014-12-31,20,False
2015-01-01,31,False
2015-01-02,33,False
2015-01-03,37,False
2015-01-04,36,False
2015-01-05,37,False
2015-01-06,43,False
2015-01-07,31,False
2015-01-08,28,False
2015-01-09,35,False
2015-01-10,34,False
2015-01-11,30,False
2015-01-12,30,False
2015-01-13,39,False
2015-01-14,67,False
2015-01-15,51,False
2015-01-16,49,False
2015-01-17,36,False
2015-01-18,35,False
2015-01-19,27,False
2015-01-20,32,False
2015-01-21,40,False
2015-01-22,33,False
2015-01-23,30,False
2015-01-24,34,False
2015-01-25,34,False
2015-01-26,48,False
2015-01-27,42,False
2015-01-28,37,False
2015-01-29,32,False
2015-01-30,28,False
2015-01-31,21,False
2015-02-01,25,False
2015-02-02,23,False
2015-02-03,31,False
2015-02-04,36,False
2015-02-05,35,False
2015-02-06,29,False
2015-02-07,33,False
2015-02-08,31,False
2015-02-09,31,False
2015-02-10,36,False
2015-02-11,31,False
2015-02-12,25,False
2015-02-13,31,False
2015-02-14,31,False
2015-02-15,27,False
2015-02-16,24,False
2015-02-17,29,False
2015-02-18,35,False
2015-02-19,36,False
2015-02-20,79,False
2015-02-21,36,False
2015-02-22,32,False
2015-02-23,30,False
2015-02-24,27,False
2015-02-25,27,False
2015-02-26,24,False
2015-02-27,27,False
2015-02-28,25,False
2015-03-01,28,False
2015-03-02,35,False
2015-03-03,37,False
2015-03-04,34,False
2015-03-05,35,False
2015-03-06,42,False
2015-03-07,32,False
2015-03-08,29,False
2015-03-09,28,False
2015-03-10,30,False
2015-03-11,35,False
2015-03-12,32,False
2015-03-13,27,False
2015-03-14,27,False
2015-03-15,30,False
2015-03-16,29,False
2015-03-17,30,False
2015-03-18,31,False
2015-03-19,31,False
2015-03-20,31,False
2015-03-21,29,False
2015-03-22,27,False
2015-03-23,29,False
2015-03-24,30,False
2015-03-25,31,False
2015-03-26,28,False
2015-03-27,29,False
2015-03-28,23,False
2015-03-29,20,False
2015-03-30,37,False
2015-03-31,34,False
2015-04-01,28,False
2015-04-02,29,False
2015-04-03,34,False
2015-04-04,28,False
2015-04-05,30,False
2015-04-06,31,False
2015-04-07,31,False
2015-04-08,35,False
2015-04-09,29,False
2015-04-10,34,False
2015-04-11,30,False
2015-04-12,24,False
2015-04-13,30,False
2015-04-14,32,False
2015-04-15,25,False
2015-04-16,28,False
2015-04-17,23,False
2015-04-18,24,False
2015-04-19,23,False
2015-04-20,25,False
2015-04-21,22,False
2015-04-22,25,False
2015-04-23,26,False
2015-04-24,22,False
2015-04-25,22,False
2015-04-26,32,False
2015-04-27,23,False
2015-04-28,24,False
2015-04-29,23,False
2015-04-30,31,False
2015-05-01,27,False
2015-05-02,27,False
2015-05-03,21,False
2015-05-04,25,False
2015-05-05,23,False
2015-05-06,25,False
2015-05-07,32,False
2015-05-08,28,False
2015-05-09,19,False
2015-05-10,22,False
2015-05-11,25,False
2015-05-12,21,False
2015-05-13,22,False
2015-05-14,43,False
2015-05-15,29,False
2015-05-16,30,False
2015-05-17,26,False
2015-05-18,22,False
2015-05-19,30,False
2015-05-20,29,False
2015-05-21,29,False
2015-05-22,25,False
2015-05-23,26,False
2015-05-24,28,False
2015-05-25,24,False
2015-05-26,25,False
2015-05-27,26,False
2015-05-28,22,False
2015-05-29,32,False
2015-05-30,34,False
2015-05-31,32,False
2015-06-01,25,False
2015-06-02,28,False
2015-06-03,31,False
2015-06-04,27,False
2015-06-05,27,False
2015-06-06,22,False
2015-06-07,24,False
2015-06-08,22,False
2015-06-09,25,False
2015-06-10,24,False
2015-06-11,23,False
2015-06-12,19,False
2015-06-13,18,False
2015-06-14,22,False
2015-06-15,23,False
2015-06-16,30,False
2015-06-17,25,False
2015-06-18,100,False
2015-06-19,32,False
2015-06-20,35,False
2015-06-21,28,False
2015-06-22,20,False
2015-06-23,25,False
2015-06-24,21,False
2015-06-25,39,False
2015-06-26,28,False
2015-06-27,32,False
2015-06-28,33,False
2015-06-29,32,False
2015-06-30,42,False
2015-07-01,39,False
2015-07-02,29,False
2015-07-03,29,False
2015-07-04,31,False
2015-07-05,37,False
2015-07-06,39,False
2015-07-07,37,False
2015-07-08,31,False
2015-07-09,41,False
2015-07-10,41,False
2015-07-11,31,False
2015-07-12,51,False
2015-07-13,31,False
2015-07-14,27,False
2015-07-15,27,False
2015-07-16,31,False
2015-07-17,26,False
2015-07-18,30,False
2015-07-19,35,False
2015-07-20,26,False
2015-07-21,24,False
2015-07-22,28,False
2015-07-23,22,False
2015-07-24,23,False
2015-07-25,29,False
2015-07-26,34,False
2015-07-27,34,False
2015-07-28,32,False
2015-07-29,19,False
2015-07-30,25,False
2015-07-31,29,False
2015-08-01,42,False
2015-08-02,28,False
2015-08-03,26,False
2015-08-04,30,False
2015-08-05,30,False
2015-08-06,25,False
2015-08-07,26,False
2015-08-08,26,False
2015-08-09,25,False
2015-08-10,27,False
2015-08-11,25,False
2015-08-12,28,False
2015-08-13,31,False
2015-08-14,24,False
2015-08-15,31,False
2015-08-16,30,False
2015-08-17,27,False
2015-08-18,38,False
2015-08-19,37,False
2015-08-20,33,False
2015-08-21,37,False
2015-08-22,32,False
2015-08-23,40,False
2015-08-24,34,False
2015-08-25,41,False
2015-08-26,31,False
2015-08-27,27,False
2015-08-28,28,False
2015-08-29,31,False
2015-08-30,32,False
2015-08-31,22,False
2015-09-01,30,False
2015-09-02,29,False
2015-09-03,18,False
2015-09-04,25,False
2015-09-05,29,False
2015-09-06,23,False
2015-09-07,31,False
2015-09-08,24,False
2015-09-09,25,False
2015-09-10,24,False
2015-09-11,23,False
2015-09-12,23,False
2015-09-13,24,False
2015-09-14,28,False
2015-09-15,21,False
2015-09-16,28,False
2015-09-17,21,False
2015-09-18,26,False
2015-09-19,32,False
2015-09-20,24,False
2015-09-21,28,False
2015-09-22,35,False
2015-09-23,27,False
2015-09-24,28,False
2015-09-25,28,False
2015-09-26,29,False
2015-09-27,26,False
2015-09-28,23,False
2015-09-29,23,False
2015-09-30,23,False
2015-10-01,21,False
2015-10-02,22,False
2015-10-03,26,False
2015-10-04,16,False
2015-10-05,21,False
2015-10-06,26,False
2015-10-07,22,False
2015-10-08,25,False
2015-10-09,21,False
2015-10-10,19,False
2015-10-11,16,False
2015-10-12,18,False
2015-10-13,24,False
2015-10-14,25,False
2015-10-15,21,False
2015-10-16,23,False
2015-10-17,27,False
2015-10-18,23,False
2015-10-19,27,False
2015-10-20,23,False
2015-10-21,20,False
2015-10-22,26,False
2015-10-23,28,False
2015-10-24,26,False
2015-10-25,28,False
2015-10-26,27,False
2015-10-27,27,False
2015-10-28,32,False
2015-10-29,31,False
2015-10-30,40,False
2015-10-31,31,False
2015-11-01,30,False
2015-11-02,31,False
2015-11-03,52,False
2015-11-04,100,False
2015-11-05,67,False
2015-11-06,60,False
2015-11-07,41,False
2015-11-08,33,False
2015-11-09,43,False
2015-11-10,33,False
2015-11-11,36,False
2015-11-12,32,False
2015-11-13,28,False
2015-11-14,26,False
2015-11-15,33,False
2015-11-16,24,False
2015-11-17,34,False
2015-11-18,37,False
2015-11-19,32,False
2015-11-20,35,False
2015-11-21,28,False
2015-11-22,25,False
2015-11-23,26,False
2015-11-24,26,False
2015-11-25,25,False
2015-11-26,30,False
2015-11-27,26,False
2015-11-28,33,False
2015-11-29,29,False
2015-11-30,28,False
2015-12-01,29,False
2015-12-02,28,False
2015-12-03,33,False
2015-12-04,20,False
2015-12-05,26,False
2015-12-06,32,False
2015-12-07,30,False
2015-12-08,41,False
2015-12-09,70,False
2015-12-10,55,False
2015-12-11,54,False
2015-12-12,40,False
2015-12-13,39,False
2015-12-14,36,False
2015-12-15,37,False
2015-12-16,33,False
2015-12-17,39,False
2015-12-18,28,False
2015-12-19,27,False
2015-12-20,35,False
2015-12-21,26,False
2015-12-22,33,False
2015-12-23,39,False
2015-12-24,36,False
2015-12-25,37,False
2015-12-26,33,False
2015-12-27,29,False
2015-12-28,40,False
2015-12-29,30,False
2015-12-30,32,False
2015-12-31,32,False
2016-01-01,36,False
2016-01-02,31,False
2016-01-03,37,False
2016-01-04,40,False
2016-01-05,36,False
2016-01-06,38,False
2016-01-07,49,False
2016-01-08,47,False
2016-01-09,38,False
2016-01-10,24,False
2016-01-11,33,False
2016-01-12,35,False
2016-01-13,44,False
2016-01-14,31,False
2016-01-15,59,False
2016-01-16,57,False
2016-01-17,50,False
2016-01-18,43,False
2016-01-19,34,False
2016-01-20,47,False
2016-01-21,40,False
2016-01-22,38,False
2016-01-23,34,False
2016-01-24,29,False
2016-01-25,36,False
2016-01-26,34,False
2016-01-27,31,False
2016-01-28,31,False
2016-01-29,30,False
2016-01-30,31,False
2016-01-31,34,False
2016-02-01,30,False
2016-02-02,33,False
2016-02-03,33,False
2016-02-04,32,False
2016-02-05,28,False
2016-02-06,31,False
2016-02-07,33,False
2016-02-08,32,False
2016-02-09,35,False
2016-02-10,32,False
2016-02-11,31,False
2016-02-12,36,False
2016-02-13,30,False
2016-02-14,41,False
2016-02-15,39,False
2016-02-16,40,False
2016-02-17,44,False
2016-02-18,63,False
2016-02-19,47,False
2016-02-20,48,False
2016-02-21,42,False
2016-02-22,40,False
2016-02-23,39,False
2016-02-24,34,False
2016-02-25,39,False
2016-02-26,35,False
2016-02-27,35,False
2016-02-28,37,False
2016-02-29,32,False
2016-03-01,46,False
2016-03-02,35,False
2016-03-03,41,False
2016-03-04,39,False
2016-03-05,34,False
2016-03-06,34,False
2016-03-07,33,False
2016-03-08,37,False
2016-03-09,33,False
2016-03-10,35,False
2016-03-11,30,False
2016-03-12,30,False
2016-03-13,27,False
2016-03-14,35,False
2016-03-15,32,False
2016-03-16,29,False
2016-03-17,30,False
2016-03-18,33,False
2016-03-19,28,False
2016-03-20,32,False
2016-03-21,31,False
2016-03-22,31,False
2016-03-23,31,False
2016-03-24,28,False
2016-03-25,32,False
2016-03-26,28,False
2016-03-27,27,False
2016-03-28,41,False
2016-03-29,35,False
2016-03-30,33,False
2016-03-31,29,False
2016-04-01,33,False
2016-04-02,32,False
2016-04-03,34,False
2016-04-04,29,False
2016-04-05,30,False
2016-04-06,28,False
2016-04-07,30,False
2016-04-08,31,False
2016-04-09,29,False
2016-04-10,30,False
2016-04-11,39,False
2016-04-12,31,False
2016-04-13,24,False
2016-04-14,31,False
2016-04-15,31,False
2016-04-16,26,False
2016-04-17,27,False
2016-04-18,26,False
2016-04-19,36,False
2016-04-20,37,False
2016-04-21,34,False
2016-04-22,41,False
2016-04-23,36,False
2016-04-24,34,False
2016-04-25,34,False
2016-04-26,40,False
2016-04-27,38,False
2016-04-28,44,False
2016-04-29,30,False
2016-04-30,34,False
2016-05-01,35,False
2016-05-02,100,False
2016-05-03,66,False
2016-05-04,40,False
2016-05-05,52,False
2016-05-06,37,False
2016-05-07,33,False
2016-05-08,40,False
2016-05-09,44,False
2016-05-10,38,False
2016-05-11,28,False
2016-05-12,35,False
2016-05-13,29,False
2016-05-14,28,False
2016-05-15,34,False
2016-05-16,29,False
2016-05-17,29,False
2016-05-18,35,False
2016-05-19,38,False
2016-05-20,31,False
2016-05-21,31,False
2016-05-22,30,False
2016-05-23,36,False
2016-05-24,34,False
2016-05-25,33,False
2016-05-26,32,False
2016-05-27,38,False
2016-05-28,46,False
2016-05-29,46,False
2016-05-30,44,False
2016-05-31,52,False
2016-06-01,43,False
2016-06-02,40,False
2016-06-03,52,False
2016-06-04,42,False
2016-06-05,42,False
2016-06-06,44,False
2016-06-07,46,False
2016-06-08,37,False
2016-06-09,38,False
2016-06-10,41,False
2016-06-11,38,False
2016-06-12,67,False
2016-06-13,88,False
2016-06-14,61,False
2016-06-15,57,False
2016-06-16,82,False
2016-06-17,76,False
2016-06-18,68,False
2016-06-19,53,False
2016-06-20,51,False
2016-06-21,64,False
2016-06-22,54,False
2016-06-23,67,False
2016-06-24,100,False
2016-06-25,62,False
2016-06-26,57,False
2016-06-27,55,False
2016-06-28,47,False
2016-06-29,50,False
2016-06-30,53,False
2016-07-01,53,False
2016-07-02,46,False
2016-07-03,50,False
2016-07-04,40,False
2016-07-05,42,False
2016-07-06,44,False
2016-07-07,53,False
2016-07-08,51,False
2016-07-09,60,False
2016-07-10,62,False
2016-07-11,52,False
2016-07-12,46,False
2016-07-13,44,False
2016-07-14,45,False
2016-07-15,44,False
2016-07-16,45,False
2016-07-17,39,False
2016-07-18,41,False
2016-07-19,41,False
2016-07-20,43,False
2016-07-21,40,False
2016-07-22,35,False
2016-07-23,33,False
2016-07-24,35,False
2016-07-25,42,False
2016-07-26,45,False
2016-07-27,39,False
2016-07-28,37,False
2016-07-29,32,False
2016-07-30,33,False
2016-07-31,40,False
2016-08-01,36,False
2016-08-02,51,False
2016-08-03,100,False
2016-08-04,57,False
2016-08-05,54,False
2016-08-06,36,False
2016-08-07,40,False
2016-08-08,42,False
2016-08-09,46,False
2016-08-10,33,False
2016-08-11,33,False
2016-08-12,34,False
2016-08-13,36,False
2016-08-14,30,False
2016-08-15,38,False
2016-08-16,35,False
2016-08-17,31,False
2016-08-18,42,False
2016-08-19,32,False
2016-08-20,40,False
2016-08-21,26,False
2016-08-22,32,False
2016-08-23,32,False
2016-08-24,33,False
2016-08-25,39,False
2016-08-26,30,False
2016-08-27,35,False
2016-08-28,29,False
2016-08-29,35,False
2016-08-30,34,False
2016-08-31,36,False
2016-09-01,34,False
2016-09-02,32,False
2016-09-03,33,False
2016-09-04,40,False
2016-09-05,47,False
2016-09-06,32,False
2016-09-07,36,False
2016-09-08,46,False
2016-09-09,39,False
2016-09-10,40,False
2016-09-11,44,False
2016-09-12,38,False
2016-09-13,41,False
2016-09-14,39,False
2016-09-15,40,False
2016-09-16,35,False
2016-09-17,39,False
2016-09-18,45,False
2016-09-19,29,False
2016-09-20,42,False
2016-09-21,39,False
2016-09-22,31,False
2016-09-23,35,False
2016-09-24,38,False
2016-09-25,36,False
2016-09-26,35,False
2016-09-27,29,False
2016-09-28,30,False
2016-09-29,28,False
2016-09-30,31,False
2016-10-01,34,False
2016-10-02,35,False
2016-10-03,34,False
2016-10-04,32,False
2016-10-05,28,False
2016-10-06,34,False
2016-10-07,32,False
2016-10-08,33,False
2016-10-09,36,False
2016-10-10,34,False
2016-10-11,40,False
2016-10-12,36,False
2016-10-13,41,False
2016-10-14,31,False
2016-10-15,37,False
2016-10-16,30,False
2016-10-17,34,False
2016-10-18,37,False
2016-10-19,32,False
2016-10-20,34,False
2016-10-21,31,False
2016-10-22,33,False
2016-10-23,41,False
2016-10-24,33,False
2016-10-25,35,False
2016-10-26,45,False
2016-10-27,42,False
2016-10-28,35,False
2016-10-29,48,False
2016-10-30,39,False
2016-10-31,39,False
2016-11-01,43,False
2016-11-02,51,False
2016-11-03,42,False
2016-11-04,40,False
2016-11-05,38,False
2016-11-06,43,False
2016-11-07,35,False
2016-11-08,40,False
2016-11-09,64,False
2016-11-10,46,False
2016-11-11,37,False
2016-11-12,34,False
2016-11-13,35,False
2016-11-14,38,False
2016-11-15,39,False
2016-11-16,47,False
2016-11-17,52,False
2016-11-18,47,False
2016-11-19,41,False
2016-11-20,42,False
2016-11-21,40,False
2016-11-22,40,False
2016-11-23,45,False
2016-11-24,40,False
2016-11-25,35,False
2016-11-26,40,False
2016-11-27,33,False
2016-11-28,44,False
2016-11-29,43,False
2016-11-30,40,False
2016-12-01,48,False
2016-12-02,46,False
2016-12-03,42,False
2016-12-04,43,False
2016-12-05,46,False
2016-12-06,45,False
2016-12-07,48,False
2016-12-08,44,False
2016-12-09,44,False
2016-12-10,43,False
2016-12-11,39,False
2016-12-12,45,False
2016-12-13,49,False
2016-12-14,41,False
2016-12-15,43,False
2016-12-16,38,False
2016-12-17,43,False
2016-12-18,31,False
2016-12-19,44,False
2016-12-20,46,False
2016-12-21,61,False
2016-12-22,69,False
2016-12-23,92,False
2016-12-24,65,False
2016-12-25,66,False
2016-12-26,66,False
2016-12-27,76,False
2016-12-28,77,False
2016-12-29,84,False
2016-12-30,79,False
2016-12-31,70,False
2017-01-01,14,False
2017-01-02,25,False
2017-01-03,23,False
2017-01-04,28,False
2017-01-05,31,False
2017-01-06,25,False
2017-01-07,23,False
2017-01-08,16,False
2017-01-09,17,False
2017-01-10,15,False
2017-01-11,18,False
2017-01-12,21,False
2017-01-13,16,False
2017-01-14,15,False
2017-01-15,14,False
2017-01-16,13,False
2017-01-17,16,False
2017-01-18,14,False
2017-01-19,13,False
2017-01-20,14,False
2017-01-21,11,False
2017-01-22,10,False
2017-01-23,12,False
2017-01-24,12,False
2017-01-25,12,False
2017-01-26,15,False
2017-01-27,12,False
2017-01-28,12,False
2017-01-29,11,False
2017-01-30,12,False
2017-01-31,12,False
2017-02-01,14,False
2017-02-02,14,False
2017-02-03,16,False
2017-02-04,14,False
2017-02-05,14,False
2017-02-06,12,False
2017-02-07,14,False
2017-02-08,15,False
2017-02-09,16,False
2017-02-10,15,False
2017-02-11,13,False
2017-02-12,14,False
2017-02-13,12,False
2017-02-14,13,False
2017-02-15,11,False
2017-02-16,13,False
2017-02-17,13,False
2017-02-18,12,False
2017-02-19,12,False
2017-02-20,12,False
2017-02-21,16,False
2017-02-22,18,False
2017-02-23,19,False
2017-02-24,20,False
2017-02-25,16,False
2017-02-26,15,False
2017-02-27,15,False
2017-02-28,17,False
2017-03-01,17,False
2017-03-02,20,False
2017-03-03,27,False
2017-03-04,20,False
2017-03-05,17,False
2017-03-06,18,False
2017-03-07,19,False
2017-03-08,19,False
2017-03-09,19,False
2017-03-10,34,False
2017-03-11,25,False
2017-03-12,17,False
2017-03-13,19,False
2017-03-14,15,False
2017-03-15,16,False
2017-03-16,18,False
2017-03-17,18,False
2017-03-18,21,False
2017-03-19,17,False
2017-03-20,18,False
2017-03-21,16,False
2017-03-22,17,False
2017-03-23,16,False
2017-03-24,15,False
2017-03-25,15,False
2017-03-26,16,False
2017-03-27,17,False
2017-03-28,15,False
2017-03-29,14,False
2017-03-30,14,False
2017-03-31,15,False
2017-04-01,13,False
2017-04-02,14,False
2017-04-03,15,False
2017-04-04,13,False
2017-04-05,14,False
2017-04-06,13,False
2017-04-07,14,False
2017-04-08,14,False
2017-04-09,12,False
2017-04-10,13,False
2017-04-11,14,False
2017-04-12,17,False
2017-04-13,14,False
2017-04-14,13,False
2017-04-15,14,False
2017-04-16,12,False
2017-04-17,13,False
2017-04-18,15,False
2017-04-19,13,False
2017-04-20,14,False
2017-04-21,14,False
2017-04-22,13,False
2017-04-23,12,False
2017-04-24,12,False
2017-04-25,15,False
2017-04-26,16,False
2017-04-27,18,False
2017-04-28,16,False
2017-04-29,14,False
2017-04-30,15,False
2017-05-01,20,False
2017-05-02,22,False
2017-05-03,22,False
2017-05-04,28,False
2017-05-05,25,False
2017-05-06,21,False
2017-05-07,19,False
2017-05-08,25,False
2017-05-09,32,False
2017-05-10,31,False
2017-05-11,32,False
2017-05-12,36,False
2017-05-13,32,False
2017-05-14,28,False
2017-05-15,35,False
2017-05-16,31,False
2017-05-17,30,False
2017-05-18,28,False
2017-05-19,35,False
2017-05-20,38,False
2017-05-21,35,False
2017-05-22,73,False
2017-05-23,69,False
2017-05-24,74,False
2017-05-25,100,False
2017-05-26,77,False
2017-05-27,57,False
2017-05-28,45,False
2017-05-29,41,False
2017-05-30,44,False
2017-05-31,44,False
2017-06-01,44,False
2017-06-02,39,False
2017-06-03,31,False
2017-06-04,31,False
2017-06-05,37,False
2017-06-06,56,False
2017-06-07,51,False
2017-06-08,42,False
2017-06-09,41,False
2017-06-10,36,False
2017-06-11,40,False
2017-06-12,55,False
2017-06-13,46,False
2017-06-14,44,False
2017-06-15,58,False
2017-06-16,44,False
2017-06-17,35,False
2017-06-18,32,False
2017-06-19,34,False
2017-06-20,39,False
2017-06-21,40,False
2017-06-22,37,False
2017-06-23,35,False
2017-06-24,31,False
2017-06-25,28,False
2017-06-26,42,False
2017-06-27,41,False
2017-06-28,41,False
2017-06-29,34,False
2017-06-30,28,False
2017-07-01,3,False
2017-07-02,4,False
2017-07-03,3,False
2017-07-04,3,False
2017-07-05,4,False
2017-07-06,4,False
2017-07-07,3,False
2017-07-08,3,False
2017-07-09,3,False
2017-07-10,4,False
2017-07-11,4,False
2017-07-12,5,False
2017-07-13,4,False
2017-07-14,4,False
2017-07-15,4,False
2017-07-16,5,False
2017-07-17,5,False
2017-07-18,5,False
2017-07-19,4,False
2017-07-20,5,False
2017-07-21,5,False
2017-07-22,5,False
2017-07-23,5,False
2017-07-24,5,False
2017-07-25,5,False
2017-07-26,5,False
2017-07-27,4,False
2017-07-28,5,False
2017-07-29,4,False
2017-07-30,4,False
2017-07-31,5,False
2017-08-01,11,False
2017-08-02,9,False
2017-08-03,6,False
2017-08-04,5,False
2017-08-05,7,False
2017-08-06,5,False
2017-08-07,7,False
2017-08-08,7,False
2017-08-09,6,False
2017-08-10,6,False
2017-08-11,7,False
2017-08-12,8,False
2017-08-13,10,False
2017-08-14,10,False
2017-08-15,12,False
2017-08-16,8,False
2017-08-17,8,False
2017-08-18,8,False
2017-08-19,7,False
2017-08-20,7,False
2017-08-21,6,False
2017-08-22,8,False
2017-08-23,7,False
2017-08-24,7,False
2017-08-25,7,False
2017-08-26,6,False
2017-08-27,5,False
2017-08-28,6,False
2017-08-29,7,False
2017-08-30,7,False
2017-08-31,8,False
2017-09-01,9,False
2017-09-02,9,False
2017-09-03,7,False
2017-09-04,9,False
2017-09-05,8,False
2017-09-06,6,False
2017-09-07,6,False
2017-09-08,7,False
2017-09-09,5,False
2017-09-10,5,False
2017-09-11,6,False
2017-09-12,7,False
2017-09-13,10,False
2017-09-14,12,False
2017-09-15,12,False
2017-09-16,7,False
2017-09-17,6,False
2017-09-18,7,False
2017-09-19,7,False
2017-09-20,6,False
2017-09-21,6,False
2017-09-22,6,False
2017-09-23,5,False
2017-09-24,4,False
2017-09-25,5,False
2017-09-26,5,False
2017-09-27,6,False
2017-09-28,5,False
2017-09-29,5,False
2017-09-30,5,False
2017-10-01,5,False
2017-10-02,5,False
2017-10-03,5,False
2017-10-04,5,False
2017-10-05,5,False
2017-10-06,4,False
2017-10-07,4,False
2017-10-08,5,False
2017-10-09,6,False
2017-10-10,6,False
2017-10-11,6,False
2017-10-12,10,False
2017-10-13,14,False
2017-10-14,8,False
2017-10-15,8,False
2017-10-16,8,False
2017-10-17,7,False
2017-10-18,8,False
2017-10-19,8,False
2017-10-20,9,False
2017-10-21,10,False
2017-10-22,7,False
2017-10-23,9,False
2017-10-24,10,False
2017-10-25,9,False
2017-10-26,9,False
2017-10-27,7,False
2017-10-28,7,False
2017-10-29,7,False
2017-10-30,8,False
2017-10-31,11,False
2017-11-01,13,False
2017-11-02,19,False
2017-11-03,15,False
2017-11-04,12,False
2017-11-05,12,False
2017-11-06,13,False
2017-11-07,11,False
2017-11-08,14,False
2017-11-09,12,False
2017-11-10,16,False
2017-11-11,14,False
2017-11-12,18,False
2017-11-13,16,False
2017-11-14,12,False
2017-11-15,13,False
2017-11-16,14,False
2017-11-17,17,False
2017-11-18,13,False
2017-11-19,11,False
2017-11-20,14,False
2017-11-21,16,False
2017-11-22,13,False
2017-11-23,12,False
2017-11-24,11,False
2017-11-25,13,False
2017-11-26,22,False
2017-11-27,27,False
2017-11-28,31,False
2017-11-29,61,False
2017-11-30,46,False
2017-12-01,35,False
2017-12-02,27,False
2017-12-03,25,False
2017-12-04,29,False
2017-12-05,30,False
2017-12-06,42,False
2017-12-07,100,False
2017-12-08,84,False
2017-12-09,56,False
2017-12-10,51,False
2017-12-11,59,False
2017-12-12,57,False
2017-12-13,49,False
2017-12-14,41,False
2017-12-15,37,False
2017-12-16,38,False
2017-12-17,40,False
2017-12-18,44,False
2017-12-19,45,False
2017-12-20,67,False
2017-12-21,46,False
2017-12-22,96,False
2017-12-23,56,False
2017-12-24,40,False
2017-12-25,33,False
2017-12-26,36,False
2017-12-27,32,False
2017-12-28,32,False
2017-12-29,29,False
2017-12-30,27,False
2017-12-31,22,False
2018-01-01,39,False
2018-01-02,50,False
2018-01-03,50,False
2018-01-04,47,False
2018-01-05,47,False
2018-01-06,42,False
2018-01-07,41,False
2018-01-08,46,False
2018-01-09,43,False
2018-01-10,45,False
2018-01-11,52,False
2018-01-12,40,False
2018-01-13,34,False
2018-01-14,32,False
2018-01-15,31,False
2018-01-16,73,False
2018-01-17,100,False
2018-01-18,66,False
2018-01-19,45,False
2018-01-20,39,False
2018-01-21,35,False
2018-01-22,41,False
2018-01-23,39,False
2018-01-24,38,False
2018-01-25,38,False
2018-01-26,36,False
2018-01-27,29,False
2018-01-28,27,False
2018-01-29,30,False
2018-01-30,33,False
2018-01-31,37,False
2018-02-01,46,False
2018-02-02,64,False
2018-02-03,40,False
2018-02-04,33,False
2018-02-05,63,False
2018-02-06,76,False
2018-02-07,46,False
2018-02-08,40,False
2018-02-09,36,False
2018-02-10,27,False
2018-02-11,24,False
2018-02-12,26,False
2018-02-13,24,False
2018-02-14,25,False
2018-02-15,27,False
2018-02-16,25,False
2018-02-17,23,False
2018-02-18,24,False
2018-02-19,21,False
2018-02-20,24,False
2018-02-21,26,False
2018-02-22,23,False
2018-02-23,19,False
2018-02-24,17,False
2018-02-25,16,False
2018-02-26,19,False
2018-02-27,18,False
2018-02-28,19,False
2018-03-01,18,False
2018-03-02,17,False
2018-03-03,16,False
2018-03-04,14,False
2018-03-05,16,False
2018-03-06,17,False
2018-03-07,20,False
2018-03-08,20,False
2018-03-09,22,False
2018-03-10,15,False
2018-03-11,16,False
2018-03-12,18,False
2018-03-13,17,False
2018-03-14,20,False
2018-03-15,24,False
2018-03-16,18,False
2018-03-17,16,False
2018-03-18,20,False
2018-03-19,19,False
2018-03-20,17,False
2018-03-21,17,False
2018-03-22,17,False
2018-03-23,15,False
2018-03-24,12,False
2018-03-25,12,False
2018-03-26,16,False
2018-03-27,18,False
2018-03-28,16,False
2018-03-29,18,False
2018-03-30,22,False
2018-03-31,16,False
2018-04-01,16,False
2018-04-02,19,False
2018-04-03,16,False
2018-04-04,16,False
2018-04-05,16,False
2018-04-06,15,False
2018-04-07,13,False
2018-04-08,12,False
2018-04-09,15,False
2018-04-10,14,False
2018-04-11,14,False
2018-04-12,17,False
2018-04-13,17,False
2018-04-14,12,False
2018-04-15,12,False
2018-04-16,14,False
2018-04-17,14,False
2018-04-18,14,False
2018-04-19,14,False
2018-04-20,13,False
2018-04-21,13,False
2018-04-22,12,False
2018-04-23,15,False
2018-04-24,17,False
2018-04-25,16,False
2018-04-26,13,False
2018-04-27,13,False
2018-04-28,10,False
2018-04-29,11,False
2018-04-30,11,False
2018-05-01,12,False
2018-05-02,12,False
2018-05-03,12,False
2018-05-04,11,False
2018-05-05,12,False
2018-05-06,11,False
2018-05-07,13,False
2018-05-08,13,False
2018-05-09,11,False
2018-05-10,12,False
2018-05-11,14,False
2018-05-12,10,False
2018-05-13,9,False
2018-05-14,11,False
2018-05-15,11,False
2018-05-16,10,False
2018-05-17,11,False
2018-05-18,11,False
2018-05-19,7,False
2018-05-20,8,False
2018-05-21,9,False
2018-05-22,10,False
2018-05-23,13,False
2018-05-24,12,False
2018-05-25,11,False
2018-05-26,9,False
2018-05-27,10,False
2018-05-28,10,False
2018-05-29,11,False
2018-05-30,10,False
2018-05-31,10,False
2018-06-01,8,False
2018-06-02,8,False
2018-06-03,8,False
2018-06-04,9,False
2018-06-05,9,False
2018-06-06,9,False
2018-06-07,9,False
2018-06-08,9,False
2018-06-09,7,False
2018-06-10,11,False
2018-06-11,18,False
2018-06-12,13,False
2018-06-13,15,False
2018-06-14,13,False
2018-06-15,11,False
2018-06-16,9,False
2018-06-17,9,False
2018-06-18,11,False
2018-06-19,10,False
2018-06-20,10,False
2018-06-21,9,False
2018-06-22,12,False
2018-06-23,11,False
2018-06-24,12,False
2018-06-25,12,False
2018-06-26,10,False
2018-06-27,11,False
2018-06-28,10,False
2018-06-29,14,False
2018-06-30,12,False
2018-07-01,48,False
2018-07-02,57,False
2018-07-03,49,False
2018-07-04,45,False
2018-07-05,46,False
2018-07-06,47,False
2018-07-07,37,False
2018-07-08,38,False
2018-07-09,43,False
2018-07-10,50,False
2018-07-11,45,False
2018-07-12,50,False
2018-07-13,39,False
2018-07-14,44,False
2018-07-15,40,False
2018-07-16,54,False
2018-07-17,68,False
2018-07-18,71,False
2018-07-19,67,False
2018-07-20,52,False
2018-07-21,38,False
2018-07-22,39,False
2018-07-23,56,False
2018-07-24,69,False
2018-07-25,72,False
2018-07-26,61,False
2018-07-27,66,False
2018-07-28,46,False
2018-07-29,44,False
2018-07-30,56,False
2018-07-31,57,False
2018-08-01,58,False
2018-08-02,46,False
2018-08-03,61,False
2018-08-04,47,False
2018-08-05,47,False
2018-08-06,48,False
2018-08-07,60,False
2018-08-08,71,False
2018-08-09,61,False
2018-08-10,51,False
2018-08-11,51,False
2018-08-12,41,False
2018-08-13,49,False
2018-08-14,65,False
2018-08-15,62,False
2018-08-16,55,False
2018-08-17,47,False
2018-08-18,39,False
2018-08-19,38,False
2018-08-20,47,False
2018-08-21,51,False
2018-08-22,55,False
2018-08-23,46,False
2018-08-24,52,False
2018-08-25,38,False
2018-08-26,37,False
2018-08-27,43,False
2018-08-28,58,False
2018-08-29,48,False
2018-08-30,43,False
2018-08-31,39,False
2018-09-01,36,False
2018-09-02,37,False
2018-09-03,38,False
2018-09-04,40,False
2018-09-05,59,False
2018-09-06,71,False
2018-09-07,47,False
2018-09-08,41,False
2018-09-09,39,False
2018-09-10,44,False
2018-09-11,51,False
2018-09-12,52,False
2018-09-13,46,False
2018-09-14,40,False
2018-09-15,33,False
2018-09-16,31,False
2018-09-17,40,False
2018-09-18,40,False
2018-09-19,39,False
2018-09-20,38,False
2018-09-21,45,False
2018-09-22,44,False
2018-09-23,32,False
2018-09-24,38,False
2018-09-25,39,False
2018-09-26,39,False
2018-09-27,35,False
2018-09-28,35,False
2018-09-29,30,False
2018-09-30,31,False
2018-10-01,34,False
2018-10-02,31,False
2018-10-03,35,False
2018-10-04,30,False
2018-10-05,32,False
2018-10-06,31,False
2018-10-07,28,False
2018-10-08,32,False
2018-10-09,32,False
2018-10-10,37,False
2018-10-11,51,False
2018-10-12,39,False
2018-10-13,30,False
2018-10-14,30,False
2018-10-15,42,False
2018-10-16,37,False
2018-10-17,32,False
2018-10-18,32,False
2018-10-19,34,False
2018-10-20,27,False
2018-10-21,24,False
2018-10-22,34,False
2018-10-23,35,False
2018-10-24,32,False
2018-10-25,33,False
2018-10-26,27,False
2018-10-27,25,False
2018-10-28,27,False
2018-10-29,38,False
2018-10-30,29,False
2018-10-31,35,False
2018-11-01,36,False
2018-11-02,32,False
2018-11-03,27,False
2018-11-04,30,False
2018-11-05,34,False
2018-11-06,33,False
2018-11-07,29,False
2018-11-08,35,False
2018-11-09,32,False
2018-11-10,29,False
2018-11-11,27,False
2018-11-12,29,False
2018-11-13,28,False
2018-11-14,59,False
2018-11-15,64,False
2018-11-16,47,False
2018-11-17,42,False
2018-11-18,29,False
2018-11-19,64,False
2018-11-20,100,False
2018-11-21,80,False
2018-11-22,48,False
2018-11-23,48,False
2018-11-24,50,False
2018-11-25,77,False
2018-11-26,78,False
2018-11-27,74,False
2018-11-28,65,False
2018-11-29,63,False
2018-11-30,53,False
2018-12-01,45,False
2018-12-02,36,False
2018-12-03,51,False
2018-12-04,50,False
2018-12-05,53,False
2018-12-06,56,False
2018-12-07,73,False
2018-12-08,55,False
2018-12-09,44,False
2018-12-10,51,False
2018-12-11,53,False
2018-12-12,50,False
2018-12-13,52,False
2018-12-14,64,False
2018-12-15,57,False
2018-12-16,48,False
2018-12-17,53,False
2018-12-18,56,False
2018-12-19,57,False
2018-12-20,58,False
2018-12-21,57,False
2018-12-22,45,False
2018-12-23,39,False
2018-12-24,49,False
2018-12-25,44,False
2018-12-26,49,False
2018-12-27,52,False
2018-12-28,48,False
2018-12-29,37,False
2018-12-30,29,False
2018-12-31,36,False
2019-01-01,15,False
2019-01-02,20,False
2019-01-03,18,False
2019-01-04,17,False
2019-01-05,15,False
2019-01-06,15,False
2019-01-07,17,False
2019-01-08,16,False
2019-01-09,17,False
2019-01-10,20,False
2019-01-11,17,False
2019-01-12,15,False
2019-01-13,15,False
2019-01-14,17,False
2019-01-15,15,False
2019-01-16,15,False
2019-01-17,13,False
2019-01-18,13,False
2019-01-19,13,False
2019-01-20,12,False
2019-01-21,13,False
2019-01-22,15,False
2019-01-23,14,False
2019-01-24,14,False
2019-01-25,14,False
2019-01-26,13,False
2019-01-27,12,False
2019-01-28,16,False
2019-01-29,14,False
2019-01-30,14,False
2019-01-31,13,False
2019-02-01,12,False
2019-02-02,13,False
2019-02-03,13,False
2019-02-04,14,False
2019-02-05,19,False
2019-02-06,16,False
2019-02-07,15,False
2019-02-08,16,False
2019-02-09,16,False
2019-02-10,14,False
2019-02-11,13,False
2019-02-12,13,False
2019-02-13,13,False
2019-02-14,14,False
2019-02-15,13,False
2019-02-16,13,False
2019-02-17,11,False
2019-02-18,17,False
2019-02-19,18,False
2019-02-20,17,False
2019-02-21,14,False
2019-02-22,14,False
2019-02-23,17,False
2019-02-24,20,False
2019-02-25,16,False
2019-02-26,16,False
2019-02-27,14,False
2019-02-28,13,False
2019-03-01,13,False
2019-03-02,12,False
2019-03-03,11,False
2019-03-04,13,False
2019-03-05,14,False
2019-03-06,15,False
2019-03-07,14,False
2019-03-08,13,False
2019-03-09,15,False
2019-03-10,12,False
2019-03-11,12,False
2019-03-12,13,False
2019-03-13,12,False
2019-03-14,12,False
2019-03-15,12,False
2019-03-16,13,False
2019-03-17,13,False
2019-03-18,14,False
2019-03-19,15,False
2019-03-20,17,False
2019-03-21,14,False
2019-03-22,14,False
2019-03-23,12,False
2019-03-24,12,False
2019-03-25,12,False
2019-03-26,13,False
2019-03-27,14,False
2019-03-28,13,False
2019-03-29,13,False
2019-03-30,12,False
2019-03-31,12,False
2019-04-01,16,False
2019-04-02,38,False
2019-04-03,40,False
2019-04-04,26,False
2019-04-05,22,False
2019-04-06,19,False
2019-04-07,20,False
2019-04-08,23,False
2019-04-09,22,False
2019-04-10,22,False
2019-04-11,20,False
2019-04-12,18,False
2019-04-13,16,False
2019-04-14,14,False
2019-04-15,18,False
2019-04-16,18,False
2019-04-17,18,False
2019-04-18,17,False
2019-04-19,18,False
2019-04-20,17,False
2019-04-21,16,False
2019-04-22,18,False
2019-04-23,22,False
2019-04-24,20,False
2019-04-25,18,False
2019-04-26,18,False
2019-04-27,16,False
2019-04-28,16,False
2019-04-29,15,False
2019-04-30,15,False
2019-05-01,15,False
2019-05-02,16,False
2019-05-03,21,False
2019-05-04,18,False
2019-05-05,20,False
2019-05-06,18,False
2019-05-07,21,False
2019-05-08,22,False
2019-05-09,23,False
2019-05-10,27,False
2019-05-11,38,False
2019-05-12,38,False
2019-05-13,47,False
2019-05-14,50,False
2019-05-15,40,False
2019-05-16,37,False
2019-05-17,37,False
2019-05-18,29,False
2019-05-19,36,False
2019-05-20,33,False
2019-05-21,31,False
2019-05-22,28,False
2019-05-23,27,False
2019-05-24,27,False
2019-05-25,24,False
2019-05-26,27,False
2019-05-27,36,False
2019-05-28,32,False
2019-05-29,30,False
2019-05-30,34,False
2019-05-31,28,False
2019-06-01,24,False
2019-06-02,25,False
2019-06-03,27,False
2019-06-04,29,False
2019-06-05,23,False
2019-06-06,21,False
2019-06-07,23,False
2019-06-08,21,False
2019-06-09,20,False
2019-06-10,20,False
2019-06-11,20,False
2019-06-12,21,False
2019-06-13,20,False
2019-06-14,22,False
2019-06-15,23,False
2019-06-16,35,False
2019-06-17,33,False
2019-06-18,33,False
2019-06-19,30,False
2019-06-20,29,False
2019-06-21,39,False
2019-06-22,66,False
2019-06-23,42,False
2019-06-24,43,False
2019-06-25,51,False
2019-06-26,100,False
2019-06-27,80,False
2019-06-28,54,False
2019-06-29,39,False
2019-06-30,35,False
2019-07-01,100,False
2019-07-02,100,False
2019-07-03,92,False
2019-07-04,78,False
2019-07-05,75,False
2019-07-06,64,False
2019-07-07,63,False
2019-07-08,79,False
2019-07-09,86,False
2019-07-10,97,False
2019-07-11,84,False
2019-07-12,87,False
2019-07-13,67,False
2019-07-14,73,False
2019-07-15,84,False
2019-07-16,90,False
2019-07-17,87,False
2019-07-18,79,False
2019-07-19,69,False
2019-07-20,58,False
2019-07-21,59,False
2019-07-22,56,False
2019-07-23,64,False
2019-07-24,69,False
2019-07-25,61,False
2019-07-26,58,False
2019-07-27,64,False
2019-07-28,51,False
2019-07-29,57,False
2019-07-30,54,False
2019-07-31,60,False
2019-08-01,59,False
2019-08-02,56,False
2019-08-03,53,False
2019-08-04,55,False
2019-08-05,89,False
2019-08-06,75,False
2019-08-07,69,False
2019-08-08,63,False
2019-08-09,55,False
2019-08-10,55,False
2019-08-11,47,False
2019-08-12,52,False
2019-08-13,54,False
2019-08-14,65,False
2019-08-15,68,False
2019-08-16,56,False
2019-08-17,51,False
2019-08-18,51,False
2019-08-19,53,False
2019-08-20,50,False
2019-08-21,50,False
2019-08-22,54,False
2019-08-23,49,False
2019-08-24,47,False
2019-08-25,45,False
2019-08-26,48,False
2019-08-27,46,False
2019-08-28,54,False
2019-08-29,54,False
2019-08-30,45,False
2019-08-31,39,False
2019-09-01,36,False
2019-09-02,46,False
2019-09-03,50,False
2019-09-04,44,False
2019-09-05,43,False
2019-09-06,46,False
2019-09-07,42,False
2019-09-08,38,False
2019-09-09,42,False
2019-09-10,45,False
2019-09-11,42,False
2019-09-12,40,False
2019-09-13,35,False
2019-09-14,35,False
2019-09-15,35,False
2019-09-16,36,False
2019-09-17,36,False
2019-09-18,38,False
2019-09-19,44,False
2019-09-20,37,False
2019-09-21,34,False
2019-09-22,34,False
2019-09-23,41,False
2019-09-24,67,False
2019-09-25,71,False
2019-09-26,71,False
2019-09-27,60,False
2019-09-28,50,False
2019-09-29,44,False
2019-09-30,47,False
2019-10-01,46,False
2019-10-02,47,False
2019-10-03,46,False
2019-10-04,39,False
2019-10-05,38,False
2019-10-06,37,False
2019-10-07,46,False
2019-10-08,39,False
2019-10-09,45,False
2019-10-10,42,False
2019-10-11,38,False
2019-10-12,35,False
2019-10-13,37,False
2019-10-14,41,False
2019-10-15,34,False
2019-10-16,41,False
2019-10-17,38,False
2019-10-18,35,False
2019-10-19,35,False
2019-10-20,34,False
2019-10-21,39,False
2019-10-22,37,False
2019-10-23,53,False
2019-10-24,47,False
2019-10-25,55,False
2019-10-26,83,False
2019-10-27,50,False
2019-10-28,54,False
2019-10-29,49,False
2019-10-30,46,False
2019-10-31,42,False
2019-11-01,39,False
2019-11-02,37,False
2019-11-03,35,False
2019-11-04,38,False
2019-11-05,41,False
2019-11-06,39,False
2019-11-07,36,False
2019-11-08,41,False
2019-11-09,37,False
2019-11-10,33,False
2019-11-11,35,False
2019-11-12,36,False
2019-11-13,36,False
2019-11-14,36,False
2019-11-15,35,False
2019-11-16,36,False
2019-11-17,34,False
2019-11-18,38,False
2019-11-19,43,False
2019-11-20,39,False
2019-11-21,47,False
2019-11-22,58,False
2019-11-23,44,False
2019-11-24,42,False
2019-11-25,60,False
2019-11-26,44,False
2019-11-27,50,False
2019-11-28,39,False
2019-11-29,37,False
2019-11-30,38,False
2019-12-01,34,False
2019-12-02,37,False
2019-12-03,35,False
2019-12-04,40,False
2019-12-05,37,False
2019-12-06,39,False
2019-12-07,36,False
2019-12-08,33,False
2019-12-09,35,False
2019-12-10,35,False
2019-12-11,37,False
2019-12-12,35,False
2019-12-13,34,False
2019-12-14,33,False
2019-12-15,34,False
2019-12-16,42,False
2019-12-17,48,False
2019-12-18,50,False
2019-12-19,43,False
2019-12-20,40,False
2019-12-21,33,False
2019-12-22,32,False
2019-12-23,42,False
2019-12-24,38,False
2019-12-25,35,False
2019-12-26,36,False
2019-12-27,36,False
2019-12-28,37,False
2019-12-29,37,False
2019-12-30,38,False
2019-12-31,35,False
